zeichnung;ventiltype;innenrate;aussenrate;beipruefdruck;innenzeit;aussenzeit;bemerkungen;modifiedBy
A103175;DIA54/94CD;0,575;0,503;5;_;_;_;
103424;DIA22/1–46CD;0,062;0,134;5;_;_;HOEFRA 02.2547;
110306;DIA46/2–81CD;0,32;0,306;5;_;_;_;
110307;DIA19/1-38C;0,056;0,099;5;_;_;_;
110582;DIA46/2–81CD;0,32;0,433;5;_;_;_;
112607;30R1/58C;0,13;0,171;5;_;_;HKS 02.1926;
112608;42R2/78CD;0,292;0,357;5;_;_;_;
112611;DIA13/1-DIA71/2;0,03;0,514;5;_;_;_;
112664;42R2/70CD;0,292;0,35;5;_;_;HOEFRA 02.1540;
112708;150CE/79R1;0,975;1,17;5;_;_;HKS 02.1589;
113335;DIA30/1-55C;0,137;0,138;5;_;_;_;
113955;40CD/66C;0,202;0,193;5;_;_;HOEFRA 02.1571;
114785;DIA23,5/1–46C;0,067;0,134;5;_;_;HOEFRA 02.7287;
115660;52RX/86CD;0,382;0,487;5;_;_;52 R2/86 CD 051989;
115904;DIA131/1-DIA101/2;0,839;0,717;5;_;_;Lt. Hr. Fügl nur Innenseite prüfen;
115916;150CE/79R1;0,975;1,17;5;_;_;150 CE/98 R4 128360;
115917;150CE/98R4;1,462;1,17;5;_;_;_;
116881;DIA30/1-55C;0,12;0,162;5;_;_;HOEFRA 02.1978;
116883;DIA19/1-38C;0,052;0,108;5;_;_;HOEFRA 02.1832;
117240;79RS–120CD/II;0,889;0,67;5;_;_;HOEFRA 02.1938;
118017;24R1/46C;_;_;100/70;1,04;0,75;HOEFRA 02.2848;
118018;16R/36C;0,105;0,043;5;_;_;_;
118185;DIA54/3X–82CD;0,568;0,453;5;_;_;Innen.Prüfung mögl./ Außen 60RX/87CD: 125953;
118488;DIA162/98R1;1,323;1,736;5;_;_;HKS 02.3789;
119104;30R1/58C;0,13;0,171;5;_;_;HOEFRA 02.2238;
119188;DIA54/2X–85CD;0,383;0,466;5;_;_;_;
119191;105R4X/165CE;1,785;1,365;5;_;_;105 R1/164 CE 087627;
119216;60R2/94CD;0,65;0,515;5;_;_;60 R2/86 CD 088080;
119340;DIA82–DIA82;0,419;0,419;5;_;_;HKS 02.3805;
119563;207CE/134R1;2,38;1,615;5;_;_;HKS 02.2886 Nur Innenseite;
121321;DIA58/2-DIA91/1;0,52;0,515;5;_;_;60 R2/94 CD 529284;
121322;DIA30–DIA55;0,142;0,162;5;_;_;HOEFRA 02.2750;
121347;37R1/62C;0,181;0,186;5;_;_;37R/62C 456910 + 37R1/62C 416912;
121534;42R/70CD;0,341;0,351;5;_;_;HOEFRA 02.1889;
121561;60RX/104CD;0,647;0,585;5;_;_;_;
123484;207CE/134R1;2,38;1,615;5;_;_;HKS 02.2886 Nur Innenseite;
123779;150CE/98R4;1,462;1,17;5;_;_;Prüfflansch 150 CE/98 R4 128360;
124078;88R4/146CD;1,3;0,84;5;_;_;88R4/146CD: I.Ring: 124079 / A. Ring 124078;
124079;88R4/146CD;1,3;0,84;5;_;_;88R4/146CD: I.Ring: 124079 / A. Ring 124078;
124592;16R/36C;0,105;0,043;5;_;_;_;
125945;135CI/79RX;0,975;0,333;5;_;_;HKS 02.4536;
125953;60RX/87CD;0,65;0,495;5;_;_;_;
126165;70R1/130CE;0,837;1,381;5;_;_;HKS 63.006, 02.2221;
126184;60R2/108CD;0,647;0,611;5;_;_;HKS 02.2079;
126589;DIA58/2-DIA91/1;0,52;0,515;5;_;_;_;
126661;DIA19/1-38C;0,056;0,099;5;_;_;19/1-38C 110307;
126772;DIA46/2–70C;0,32;0,208;5;_;_;_;
126772;DIA48/2–70C;0,32;0,208;5;_;_;_;
126790;88RX/132CD;1,209;0,74;5;_;_;HVW + HOEFRA 02.19000;
126796;70R/120CD;0,67;0,836;5;_;_;Innenpr. möglich;
126926;157CI-117/2;0,366;1,154;5;_;_;Behelfsmäßige Prüfung möglich;
127086;DIA117-DIA89/1;_;_;5;_;_;Kein Spaltquerschnitt angegeben;
127993;DIA54/3X–82CD;0,568;0,453;5;_;_;_;
128272;207CE/134R1;2,38;1,615;5;_;_;HKS 02.2886 Nur Innenseite;
128360;150CE/98R4;1,462;1,17;5;_;_;_;
129255;DIA162/98R1;1,323;1,736;5;_;_;HKS 02.3281;
129268;DIA162/98R1;1,323;1,736;5;_;_;HKS 02.3281;
129652;DIA82–DIA82;0,446;0,446;5;_;_;_;
129655;DIA131/2-88CGD;1,267;0,726;5;_;_;Nur Innenprüfung möglich;
129999;207CE/134R1;2,38;1,615;5;_;_;HKS 02.2886 Nur Innenseite;
130169;DIA82–DIA82;0,419;0,419;5;_;_;HKS 02.3805;
130553;DIA46/2–81CD;0,32;0,43;5;_;_;_;
130593;DIA72/4–118CD;1,04;0,67;5;_;_;_;
130600;DIA86/4-DIA142/2;0,302;1,194;5;_;_;HOEFRA 02.4243;
130611;39/2–74CD;0,278;0,39;5;_;_;_;
130791;120CI/75CD;0,403;0,293;5;_;_;_;
130949;DIA82/3-123CD;0,891;0,682;5;_;_;DIA82/3-123CD 149429;
131134;98/3-153CD;1,351;0,865;5;_;_;_;
131177;37R1/62C;0,18;0,189;5;_;_;37R1/62C 416912, 456910;
131191;DIA54/3–93CD;0,571;0,5;5;_;_;DIA 54/3 – 93 CD 416910;
131422;101CHY/154CE;1,96;1,68;5;_;_;101CHY/154CE 416908 + 98/3-153CD 131134;stu
132478;60R2/94CD;0,649;0,515;5;_;_;HOEFRA 02.1544 132478;
133026;60RX/87CD;0,65;0,495;5;_;_;60 RX/87 CD SV 63.0110 125953;
133913;207CE/134R;2,38;1,615;5;_;_;HKS 02.28860;
134665;41CI/29C10;0,078;0,078;5;_;_;HKS 41 CI/29 CD 02.4917;
134762;DIA162/105R1;1,789;1,736;5;_;_;HKS 02.6184 02.3789 02.6185 02.3281;
135464;DIA82–DIA82;0,42;0,42;5;_;_;HKS 02.5706;
135485;DIA82–DIA82;0,416;0,416;5;_;_;HKS 02.5705 und 82/1-82/1 149313;
135486;DIA56/DIA56;0,162;0,125;5;_;_;Innen. Prüfung mög. HKS 02.4432;
136349;DIA54/3–93CD;0,571;0,501;5;_;_;HOEFRA 63.0194;
136384;DIA46/2–75CD;0,275;0,412;5;_;_;_;
136821;80CGY/128CE;1,138;1,065;5;_;_;DIA82/3-123CD 149429;
136961;52RLX/78CD;0,353;0,438;5;_;_;Ergänzen mit 52R/85CD: 057188;
137346;DIA56/DIA56;0,158;0,158;5;_;_;Innen. Prüfung mög. HKS 02.4432;
137422;98/3-153CD;1,351;0,865;5;_;_;98/3-153CD: 131134;
137573;DIA64/3–DIA103/1;0,595;0,571;5;_;_;_;
139573;DIA96/DIA142;_;_;5;_;_;HOEFRA 02.6492, ohne Spaltquerschn. angegeben;
139579;DIA144/1-87CFD;0,945;0,723;5;_;_;HKS 02.37270 02.43010;
139744;41CI/29CD(O);0,078;0,079;5;_;_;41 CI/29 CD 418804;
139856;DIA105/5-DIA164/2;1,958;1,769;5;_;_;HOEFRA 02.6823;
139916;DIA98/4-DIA165/2;1,476;1,771;5;_;_;_;
139934;90CI/304SFE;_;_;5;_;_;HKS 02.6833 gesperrt Hr.Schnackenb;
141213;DIA144/1-87CFD;0,945;0,723;5;_;_;HKS 02.37270 02.43010;
141374;501SRE/812SFE;0,725;0,417;5;_;_;27 463;
141487;DIA171/1-DIA131/2;1,204;0,911;5;_;_;_;
141753;DIA78C/DIA12,5/1;0,024;_;5;_;_;Innenpr. möglich;
141939;42RLX/77CD;0,271;0,419;5;_;_;42RLX/77CD 404655;
141940;73FY/129CD;0,988;0,743;5;_;_;_;
142094;DIA46/2–81CD;0,32;0,306;5;_;_;DIA46/2–81CD 110306;
142734;41CI/29C10;0,078;0,078;5;_;_;HKS 41 CI/29 CD 02.4917;
143071;154CD-95/2;0,738;0,725;5;_;_;154CD-95/2 479515 + 143071;
143211;73FY/131SRD;0,988;0,552;5;_;_;73 FY/131 SRD 400143;
143733;37R/62C;0,181;0,339;5;_;_;;
143744;DIA23,5/1–DIA46/1;0,067;0,134;5;_;_;HOEFRA 02.7867;
144136;DIA82–DIA82;0,419;0,419;5;_;_;HKS 02.3805;
144372;DIA56/DIA56;0,158;0,158;5;_;_;Innen. Prüfung mög. HKS 02.4432;
145084;DIA82–DIA82;0,416;0,416;5;_;_;HKS 02.3805;
145155;DIA56/1-DIA56/1;0,159;0,11;5;_;_;Innen. Prüfung mög. HKS 02.4432;
145535;60R/104CD;0,645;0,585;5;_;_;HOEFRA 02.0109;
145723;41CI/29C10;0,078;0,078;5;_;_;HKS 41 CI/29 CD 02.4917;
145903;133CGS-DIA212;1,786;2,606;5;_;_;134 R2/207 CE 523299;
145975;DIA56/DIA56;0,158;0,158;5;_;_;Innen. Prüfung mög. HKS 02.4432;
145981;41CI/29CD(O);0,078;0,078;5;_;_;41 CI/29 CD 418804;
145981;41CI/29C10;0,087;0,086;5;_;_;HKS 41 CI/29 CD 02.4917;
146146;DIA56/DIA56;0,158;0,158;5;_;_;Innen. Prüfung mög. HKS 02.4432;
146151;41CI/29CD(O);0,078;0,078;5;_;_;41 CI/29 CD 418804;
146309;DIA64/3–DIA103/1;0,595;0,571;5;_;_;DIA 64/3 – DIA 103/1 137573;
146310;DIA98/4-DIA165/2;1,476;1,771;5;_;_;_;
146719;DIA82–DIA82;0,416;0,416;5;_;_;HKS 02.5705;
146724;DIA56/DIA56;0,158;0,158;5;_;_;Innen. Prüfung mög. HKS 02.4432;
146980;DIA82–DIA82;0,416;0,416;5;_;_;HKS 02.5705;
147223;DIA36/1-DIA60/1;0,17;0,32;5;_;_;HOEFRA 63.0131;
147275;DIA82–DIA82;0,416;0,416;5;_;_;_;
147303;DIA56/1-DIA56/1;0,159;0,11;5;_;_;Innen. Prüfung mög. HKS 02.4432;
147399;24C/46C;0,067;0,134;5;_;_;HOEFRA 63.0069;
147539;DIA82–DIA82;0,416;0,416;5;_;_;_;
147827;60RX/104CD;0,647;0,585;5;_;_;60 RX/104 CD 121561A;
147832;39/2–74CD;0,325;0,487;5;_;_;_;
147833;DIA26/1–55C;0,09;0,138;5;_;_;_;
147836;DIA17/1-DIA34/1;0,047;0,097;5;_;_;_;
147864;DIA82–DIA82;0,416;0,416;5;_;_;_;
148445;DIA56/1-DIA56/1;0,159;0,11;5;_;_;Innen. Prüfung mög. HKS 02.4432;
148543;40-CDK/66CK;0,201;0,195;5;_;_;HKS 63.0079;
149090;DIA56/1-DIA56/1;0,159;0,11;5;_;_;_;
149101;41CI/29CD(O);0,078;0,079;5;_;_;41 CI/29 CD 418804;
149143;DIA56/1-DIA56/1;0,159;0,11;5;_;_;Innen. Prüfung mög. HKS 02.4432;
149313;DIA82–DIA82;0,416;0,416;5;_;_;HKS 02.3805 02.5705;
149314;60RX/87CD;0,65;0,495;5;_;_;60RX/87CD 149314 + 125953;
149315;DIA54/3X–82CD;0,568;0,453;5;_;_;Innen.Prüfung mög./ Außen 60RX/87CD: 125953;
149429;DIA82/3-123CD;0,891;0,682;5;_;_;_;
149611;DIA82–DIA82;0,416;0,416;5;_;_;HKS 02.3805;
149612;DIA56/1-DIA56/1;0,159;0,11;5;_;_;Innen. Prüfung mög. HKS 02.4432;
149745;DIA42/1-DIA64/1;0,32;0,207;5;_;_;DIA42/1- DIA64/1: 149745+ HKS 02.0132;
149751;DIA70/3-DIA100/1;1,149;0,749;5;_;_;+ HOEFRA 63.0133;
150404;DIA56/1-DIA56/1;0,159;0,11;5;_;_;Lt. Hr. Zins Innen. Prüfung mög.;
150523;28CI/17C;0,065;0,051;5;_;_;_;
150854;37R/62C;0,165;0,339;5;_;_;37 R/62 C 465910 + O-Ring;
151486;DIA54/3–89/1;0,571;0,509;5;_;_;HOEFRA 63.0198;
151524;DIA36/1-DIA60/1;0,17;0,32;5;_;_;HOEFRA 63.0131;
151540;DIA36/1-DIA60/1;0,17;0,32;5;_;_;HOEFRA 63.0199;
152009;DIA58/2-DIA91/1;0,52;0,515;5;_;_;DIA 58/2 - DIA 91/C 126589;
152010;DIA19/1-38C;0,056;0,099;5;_;_;19/1-38C 110307;
152012;37R1/62C;0,18;0,189;5;_;_;37R1/62C 416912, 456910;
152152;17C/34C;_;_;50/30;2,64;1,24;HKS 63.0225 21168;
231169;35CI/35CD;0,146;_;5;_;_;Kein Prüfvorr. Innenpr. mög.;
269280;52R/85CD;0,446;0,463;5;_;_;42 ROK/77 CD 441085;
270504;117R1/164CE;1,999;1,804;5;_;_;117 R1/168 CE 516911;
272036;154R2/227CE;3,27;2,47;5;_;_;_;
272268;105R1/178CE;1,785;1,9;5;_;_;_;
274713;88R4/133CE;1,3;1,43;5;_;_;88R4/133CE 272295;stu
274915;60E/113SRD;0,471;0,377;5;_;_;601SFV/113SRD VE 4212 + 274915 60E/113SRD;
274916;54E/78SRD;0,476;0,208;5;_;_;_;
279497;96CD/60RLX;0,598;0,545;5;_;_;_;
279500;96CD/60RLX;0,598;0,545;5;_;_;96 CD/60 RLX 279500;
311206;108CD/70R2;0,77;0,59;5;_;_;_;
311260;52R/85CD;0,446;0,467;5;_;_;_;
311652;40C/30R;_;_;50/40;1;1;40 C/30 R 034935;
311653;30R/12A;_;_;50/40;1;1;30 R/12 A 034936;
311729;60R1/94CD;0,646;0,52;5;_;_;60R2/94CD 811728;
311760;52RLX/86CD;0,383;0,439;5;_;_;52 R2/86 CD 051989;
311761;42RLX/70CD;0,293;0,208;5;_;_;42 RL/70 CD 313106;
312677;42R2/77CD;0,312;0,418;5;_;_;_;
313106;42RL/70CD;0,293;0,208;5;_;_;_;
316485;42RX/77CD;0,341;0,414;5;_;_;_;
316663;79R2/106CD;_;_;5;_;_;(HCA) 79R2/106CD: 550238;
318538;52R2/78CD;0,445;0,439;5;_;_;52 R2/78 CD 092898;
326891;52R2/78CD;0,445;0,439;5;_;_;52 R2/78 CD 092898;
400143;73FY/131SRD;0,9;0,49;5;_;_;_;
400153;62CF/101SRD;0,78;0,286;5;_;_;_;
400761;47CE/76CD;0,404;0,39;5;_;_;_;
401966;60RX/87CD;0,65;0,495;5;_;_;60 RX/87 CD 125953;
402903;145R1/200CE;3,06;2,22;5;_;_;145R1/200CE 516910;
402935;117R1/168CE;2;1,43;5;_;_;117 R1/168 CE 516911;
402947;88R4/140CE;1,3;1,16;5;_;_;88 R4/140 CE 516970;
403056;60R2/86CD;0,646;0,488;5;_;_;_;
403577;117RX/164E;2;1,8;5;_;_;_;
403582;79RLX/106CD;0,86;0,61;5;_;_;_;
404655;42RLX/77CD;0,271;0,419;5;_;_;_;
404881;73FY/129CD;0,988;0,743;5;_;_;_;
405165;79R2/106CD;0,975;0,606;5;_;_;_;
405225;117RX/902SRE;1,999;1,48;5;_;_;_;
405226;105RX/702SRE;1,78;1,16;5;_;_;_;
405227;60RLX/131SRD;0,601;0,367;5;_;_;_;
405228;42RLX/401SRE;0,268;0,208;5;_;_;_;
405305;60RLX/110SRD;0,598;0,315;5;_;_;_;
405306;37R1/201SRE;0,179;0,201;5;_;_;_;
405463;60R2/401SRE;0,647;0,299;5;_;_;_;
405639;60R2/86CD;0,647;0,487;5;_;_;_;
405723;DIA114/DIA70;0,667;1,22;5;_;_;;
405837;136CD-DIA88/2;0,78;0,75;5;_;_;136CD/79R1: 083729 + 101CHY/154CE: 416908;
406516;129CI/DIA99;0,539;0,327;5;_;_;Ohne Prüfung versendet. Keine Vorrichtung;
406652;37RLX/301SRE;0,187;0,195;5;_;_;_;
406903;50C/48U;0,22;0,268;5;_;_;50 C/48 CDD 421341;
406924;70RLX/501SRE;0,668;0,361;5;_;_;_;
406925;70RLX/501SRE;0,668;0,361;5;_;_;70 RLX/501 SRE 406924;
407036;136CD-DIA88/2;0,78;0,75;5;_;_;136 CD/ 79 R1 083729;
407129;117RX/164E;2;1,8;5;_;_;117 R1/164 CE 403577;
407131;79RLX/106CD;0,86;0,61;5;_;_;79 RLX/106 CD 403582;
408128;DIA92CI/DIA92CI;0,22;0,22;5;_;_;Behelfsmäßige Prüfung möglich;
408129;56CI/56CI;0,126;0,126;5;_;_;_;
409011;82C/70ED;0,633;0,493;5;_;_;82 C/70 ED 424570;
409920;47CE/76CD;0,404;0,39;5;_;_;47 CE/76 CD 400761;
410380;117RX/164E;2;1,8;5;_;_;117 R1/164 CE 403577;
410381;79RLX/106CD;0,86;0,61;5;_;_;79 RLX/106 CD 403582;
411232;30CD/67SRD;0,085;0,15;5;_;_;_;
411246;62EY/103SRD;0,609;0,305;5;_;_;_;
411464;98RX/145E;1,322;1,574;5;_;_;98 RX/145 E 544678;
411512;50C/30R;_;_;30/20;0,72;1,08;Behelfsmäßige Prüfung möglich;
411513;40C/30R;_;_;30/20;1;1,1;Behelfsmäßige Prüfung möglich;
411514;82C/42R2;0,341;0,204;5;_;_;Innenpr. Möglich;
411689;82C/70ED;0,624;0,487;5;_;_;82 C/70 ED 424570;
411769;70ED/120CD;0,626;0,675;5;_;_;70 ED/120 CD 431697;
412116;42RLO/93SRD;0,274;0,204;5;_;_;42 RLO/78 SRD 412130;
412130;42RLO/78SRD;0,273;0,173;5;_;_;ERSETZT DURCH 420275;
412136;73FY/113SRD;_;_;5;_;_;Lt. Angabe auf Zus.;
412183;73FY/140SRE;0,981;0,689;5;_;_;73 FY/142 SRE 419981;
412348;60R2/105CD;0,65;0,585;5;_;_;_;
412881;101HY/179SRE;2,068;1,235;5;_;_;_;
413006;42R2/68CD;0,34;0,37;5;_;_;42 R2/68 CD 540576;
413008;79R1/120CD;0,975;0,57;5;_;_;_;
413377;30R/12A;_;_;50/40;1;1;30 R/12 A 034936;
413442;DIA120/1-DIA93/1;0,465;0,306;5;_;_;_;
413877;60R2/86CD;0,643;0,487;5;_;_;_;
414063;79R2/113CD;0,975;0,613;5;_;_;79R1/113CD 042342;
414064;37R1/62C;0,184;0,188;5;_;_;_;
414065;17C/34C;_;_;80/60;1,45;0,68;_;
414066;17C/34C;_;_;100/70;1,81;0,86;17C/34 C 414065;
414067;7A/24C;_;_;100/70;1,91;0,39;_;
414390;60R2/96CD;0,647;0,543;5;_;_;_;
414517;95GY/143SRD;_;_;5;_;_;Keine Zus. gefunden;
414803;205CE/126CFD;1,408;1,63;5;_;_;Nur Innenseite prüfen;
414805;70R2/96CD;0,835;0,543;5;_;_;_;
415530;DIA108/1-DIA82/1;0,136;0,252;5;_;_;prüfen nur montierter Oberteil mit Hilfe Unterteil+Prüfflansch;
415885;70ED/120CD;0,633;0,682;5;_;_;70 ED/120 CD 431697;
416501;52R2/78CD;0,445;0,439;5;_;_;_;
416908;101CHY/154CE;1,96;1,68;5;_;_;_;
416910;DIA54/3–93CD;0,571;0,5;5;_;_;_;
416912;37R1/62C;0,211;0,291;5;_;_;_;
417295;70R2/104CD;0,84;0,585;5;_;_;_;
417298;42R2/68CD;_;_;100/70;0,25;0,23;42 R2/68 CD 540576;
417301;24R1/54C;_;_;100/70;1,25;0,65;_;
417407;105R1/159SRD;1,785;0,65;5;_;_;Ersatz für VE 1537;
418263;136CD-DIA88/2;0,78;0,75;5;_;_;136 CD/ 79 R1 083729;
418295;DIA118/1-DIA87/1;0,434;0,627;5;_;_;Behelfsmäßige Prüfung möglich;
418394;105R1/159SRD;1,785;0,488;5;_;_;105 R1/159 SRD 417407;
418671;70RLX/106CD;0,731;0,609;5;_;_;_;
418672;42RLX/68CD;0,271;0,37;5;_;_;_;
418804;41CI/29CD(O);0,086;0,078;5;_;_;_;
419220;DIA44/1–DIA44/1;0,217;0,217;5;_;_;_;
419221;40C/29U;0,094;0,079;5;_;_;35CU/19CU 496038;
419894;42R2/77CD;0,299;0,381;5;_;_;42 R2/77 CD 546927;
419980;101HY/179SRE;2,061;1,233;5;_;_;_;
419981;73FY/142SRE;0,99;0,76;5;_;_;_;
420204;DIA115/1-70R1;0,836;0,302;5;_;_;Nur Innenprüfung möglich;
420274;42RLO/93SRD;0,274;0,204;5;_;_;42 RLO/78 SRD 412130;
420275;42RLO/78SRD;0,271;0,176;5;_;_;42 RLO/78 SRD 412130;
420420;24R1/54C;_;_;100/70;1,25;0,65;24 R1/54 C 417301;
420531;79R2/128CE;0,975;1,065;5;_;_;79 R2/128 CE 527676;
420534;70R2/96CD;0,836;0,544;5;_;_;_;
420747;17C/34C;_;_;50/30;2,6;1,24;_;
420769;37RLX/68C;0,181;0,293;5;_;_;_;
420770;37DX/73SRD;0,181;0,175;5;_;_;_;
420916;37R/68C;_;_;100/70;0,48;0,43;_;
421166;42R2/77CD;_;_;35/25;0,35;0,19;42 R2/77 CD 421166;
421167;301/54C;_;_;100/70;0,71;0,48;30 R/54 C;
421168;17C/34C;_;_;100/70;1,79;0,84;_;
421172;DIA46/2-DIA76/1;0,321;0,416;5;_;_;42 R/82 C 055581;
421175;DIA22/1–DIA38/1;_;_;50/30;2,6;1,24;_;
421179;DIA17/1-DIA34,5/1;_;_;50/30;2,6;1,24;17 C/34 C 424226;
421179;17C/34C;_;_;50/30;2,6;1,24;17C/34 C 424226;
421268;42R2/77CD;0,3;0,382;5;_;_;_;
421269;30R1/54C1;_;_;60/40;0,72;0,57;30 R/54 C;
421317;82C/70ED;0,624;0,487;5;_;_;82 C/70 ED 424570;
421341;50C/48CDD;0,136;0,268;5;_;_;_;
421593;52R2/78CD;0,445;0,439;5;_;_;52 R2/78 CD 092898;
421910;164CE/100CFD;1,385;1,803;5;_;_;_;
422103;42ED/68CD;0,273;0,37;5;_;_;42 RLX/68 CD 418672;
422278;17C/34C;_;_;100/70;1,81;0,86;_;
422399;DIA199/2-DIA149/2;1,414;2,153;5;_;_;Nur Innenseite prüfen;
422515;42DX/78CD;0,222;0,208;5;_;_;_;
422632;DIA108/1-DIA82/1;0,137;_;5;_;_;DIA108/1 - DIA82/1 415530;
422721;42R2/68CD;0,34;0,376;5;_;_;_;
422731;101CHY/154CE;1,96;1,68;5;_;_;101 CHY/154 E 570048;
422732;80CGY/128CE;1,138;1,065;5;_;_;_;
422733;52R/85CD;0,445;0,463;5;_;_;_;
423712;DIA174/2-A123S;2,15;1,82;5;_;_;DIA174/2-A123S V4606;
423713;70R2/96CD;0,84;0,548;5;_;_;70 R2/96 CD 414805;
423714;42R2/77CD;_;_;35/25;0,16;0,12;42 R2/77 CD 421166;
423715;37R1/62C;0,18;0,189;5;_;_;_;
424213;88RX/145E;1,183;1,573;5;_;_;Behelfsmäßige Prüfung möglich;
424226;17C/34C;_;_;50/30;2,6;1,24;_;
424227;17C/34C;_;_;100/70;1,81;0,86;_;
424240;42ED/68D;0,349;0,347;5;_;_;42RLX/68D 418672;
424282;37R1/62C;_;_;50/30;0,69;0,64;37 R1/62 C 423715;
424288;30R/54C;_;_;100/70;0,61;0,53;30R/54C 421167;
424295;17C/34C;_;_;100/70;1,84;0,86;17C/34 C 421168;
424570;82C/70ED;0,624;0,487;5;_;_;_;
424784;30ROK/54C;_;_;100/70;0,45;0,35;30 ROK/54 C 443689;
424785;17C/34C;_;_;100/70;1,1;0,55;17C/34 C 421168;
424796;DIA26/1–DIA46/1;0,073;0,14;5;_;_;_;
425276;70R2/106CD;0,838;0,604;5;_;_;70R2/96CD: 414805 / 70RLX/106CD: 418671;
425282;30R1/54C;0,138;0,165;5;_;_;_;
425552;80FY/128CE;1,138;1,065;5;_;_;80CGY/128CE 422732;
425561;42R2/68CD;0,341;0,374;5;_;_;42 R2/68 CD 422721;
425997;50C/48CDD;0,136;0,268;5;_;_;50 C/48 CDD 421341;
426009;34C/17C;0,044;0,097;5;_;_;_;
426016;34C/17C;0,044;0,097;5;_;_;34 C/17 C 426099;
426021;34C/19R1;_;_;50/30;1,74;2,31;34 C/19 C 437218;
426117;60R2/94CD;0,65;0,52;5;_;_;60 R2/86 CD 434734;
426172;DIA115/1-70R1;0,669;0,302;5;_;_;Nur Innenprüfung möglich;
426239;82C/70ED;0,617;0,487;5;_;_;82 C/70 ED 424570;
426691;37DX/73SRD;0,185;0,176;5;_;_;_;
426978;50C/48CDD;0,136;0,268;5;_;_;DIA 54/3 – 91/1 3453120;
426979;34C/17C;_;_;100/70;1,83;3,88;_;stu
427408;87GY/152SRE;1,47;0,91;5;_;_;Behelfsmäßige Prüfung möglich;
427413;42RLX/79SRD;0,22;0,219;5;_;_;42 DX/78 CD 422515;
427462;34C/17C;_;_;100/70;1,83;_;34 C/17 C 426009;
427506;34C/19R1;_;_;50/30;1,74;2,31;34 C/19 C 437218;
427686;52RLX/92CD;0,353;0,501;5;_;_;_;
427687;37RLX/65D;0,181;0,19;5;_;_;_;
428177;34C/19R1;_;_;50/30;1,74;2,31;34 C/19 C 437218;
428436;34C/19R1;_;_;50/30;1,74;2,31;34 C/19 C 437218;
429073;42RO/77CD;_;_;35/25;0,16;0,19;42 R2/77 CD 421166;
429249;34C/19R1;_;_;50/30;1,74;2,31;34C/19R1 437218;
429306;70RO/96CD;0,836;0,543;5;_;_;_;
429307;42RO/77CD;_;_;35/25;0,16;0,19;42 R2/77 CD 421166;
429376;60RX/87CD;0,65;0,495;5;_;_;_;
429623;37DD/62C;_;_;50/30;0,68;0,65;_;
429914;24CI/15A;0,039;0,036;5;_;_;_ (keine HD-Prüfung/HAT);
429916;20CI/12A;0,027;0,027;5;_;_;_;
429932;30R1/54C;0,138;0,165;5;_;_;Kein HD lt. HAT 30R/54C:442397;
429936;70RLX/106CD;0,731;0,604;5;_;_;70 R2/96 CD 414805;
430146;52R/85CD;0,446;0,463;5;_;_;_;
430226;DIA115/1-70R1;0,836;0,302;5;_;_;Nur Innenprüfung möglich;
430319;70ED/120CD;0,633;0,65;5;_;_;70 ED/120 CD 431697;
430322;82C/70ED;0,617;0,487;5;_;_;82 C/70 ED 424570;
430324;50C/48CDD;0,136;0,268;5;_;_;50 C/48 CDD 421341;
430327;DIA54/2–DIA84/1;0,471;0,457;5;_;_;_;
430330;DIA42/1-DIA64/1;_;_;30/15;0,77;0,88;42 R2/68 CD 540576;
430336;DIA80/4–DIA132/1;1,157;0,762;5;_;_;DIA 80/4 – DIA 132/1 442172;
430379;DIA22,5/1–DIA38/1;_;_;50/30;1,18;1,07;17C/34C:424226/DIA22/1–DIA38/1:421175;
430759;50C/48CDD;0,136;0,268;5;_;_;50 C/48 CDD 421341;
431047;42RO/77CD;_;_;35/25;0,16;0,19;42 R2/77 CD 421166;
431155;82C/70ED;0,624;0,487;5;_;_;82 C/70 ED 424570;
431201;42DX/79SRD;0,222;0,209;5;_;_;42 DX/78 CD 422515;
431344;42RLO/93SRD;0,274;0,204;5;_;_;42 RLO/78 SRD 412130;
431347;42RLO/78SRD;0,271;0,176;5;_;_;42 RLO/78 SRD 412130;
431697;70ED/120CD;0,626;0,675;5;_;_;_;
431794;50C/48CDD;0,136;0,268;5;_;_;50 C/48 CDD 421341;
431911;73FY/142SRE;0,99;0,702;5;_;_;73 FY/142 SRE 419981;
432453;87GY/164SRE;1,476;1,274;5;_;_;_;
432539;100CI/48CU;0,215;0,245;5;_;_;_;
432545;60CI/29CU;0,796;1,4;5;_;_;_;
432600;70ED/120CD;0,626;0,675;5;_;_;70 ED/120 CD 431697;
432746;50C/48CDD;0,136;0,268;5;_;_;50 C/48 CDD 421341;
432747;82C/70ED;0,633;0,487;5;_;_;82 C/70 ED 424570;
433348;DIA38-DIA26;0,069;0,089;5;_;_;_;
433653;31/1–54C;_;_;100/70;0,61;0,53;30 ROK/54 C 443689;
433855;82C/70ED;0,625;0,493;5;_;_;82 C/70 ED 424570;
433864;50C/48CDD;0,136;0,268;5;_;_;50 C/48 CDD 421341;
433866;50C/48CDD;0,136;0,268;5;_;_;50 C/48 CDD 421341;
434023;82C/70ED;0,633;0,487;5;_;_;82 C/70 ED 424570;
434032;17C/34C;_;_;100/70;1,81;0,86;17C/34 C 421168;
434326;17,5/1-DIA34/1;_;_;100/70;1,82;0,84;17 C/34 C 424226;
434717;82C/70ED;0,671;0,487;5;_;_;82 C/70 ED 424570;
434734;60R2/94CD;0,643;0,516;5;_;_;_;
435184;42R2/77CD;0,341;0,422;5;_;_;42 R2/77 CD 421166;
435268;50C/48CDD;0,136;0,268;5;_;_;50 C/48 CDD 421341;
435634;87GY/164SRE;1,476;1,02;5;_;_;87GY/164SRE 432453;
435672;88RX/143SRD;1,19;0,438;5;_;_;_;
435690;54E/78SRD;0,476;0,208;5;_;_;_;
435692;60E/113SRD;0,471;0,377;5;_;_;60 RX/104 CD 147827;
435695;DIA100/1-DIA79/1;0,384;0,536;5;_;_;Nur Innenseite prüfen möglich;
435696;DIA75/1–DIA61/1;0,39;0,312;5;_;_;Innenpr. möglich;
435837;82C/70ED;0,617;0,487;5;_;_;82 C/70 ED 424570;
435924;42R2/77CD;0,211;0,227;5;_;_;60R2/94CD 811728;
436596;DIA116/1-DIA99,5/1;0,531;0,652;5;_;_;Nur Innenprüfung möglich;
436864;42RO/77CD;0,341;0,237;5;_;_;_;
436988;70R2/96CD;0,84;0,548;5;_;_;70 R2/96 CD 429306;
437016;134R2/207CE;2,374;2,236;5;_;_;134R2/207CE: 523299+Klingeritdichtungen;
437018;88R4/133CE;1,292;1,324;5;_;_;_;
437039;42R2/68CD;0,341;0,374;5;_;_;42 R2/68 CD 422721;
437218;34C/19R1;_;_;50/30;1,74;2,31;_;
437256;DIA115/1-70CEK;0,668;0,302;5;_;_;Nur Innenprüfung möglich;
437510;37ROK/65CDK;0,188;0,188;5;_;_;_;
437519;79R/130CD;0,975;0,622;5;_;_;79 R/130 CD 045347;
438107;50C/48CDD;0,136;0,268;5;_;_;50 C/48 CDD 421341;
438109;154CRK/227CEK;3,276;2,476;5;_;_;_;
438110;80CGYK/128CEK;1,138;1,065;5;_;_;_;
438125;DIA124/1-DIA105/1;0,579;0,689;5;_;_;Nur Innenprüfung möglich;
438126;52RXK/85CDK;0,444;0,256;5;_;_;Innen. Prüfung mög.;
438352;82C/70ED;0,617;0,487;5;_;_;82 C/70 ED 424570;
438540;50CI/23CU;0,065;0,118;5;_;_;Innen. Prüfung mög.;
438693;DIA124/1-DIA105/1;0,579;0,689;5;_;_;Nur Innenprüfung möglich;
438936;82C/70ED;0,617;0,487;5;_;_;82 C/70 ED 424570;
438958;50C/48CDD;0,136;0,268;5;_;_;50 C/48 CDD 421341;
439015;82C/70ED;0,617;0,487;5;_;_;82 C/70 ED 424570;
439469;34C/20C;0,053;0,073;5;_;_;34 C/19 R 437218;
440314;60RX/87CD;0,65;0,495;5;_;_;60RX/87CD 440314 + 125953;
440543;37RO/62C;_;_;50/30;0,68;0,65;37DD/62C:429623 od. 37ROK/62C:573715;
440590;35CU/68C;0,165;0,201;5;_;_;42 R2/78 CD 036639;
440764;130CIK/65CEDK;0,463;0,337;5;_;_;Nur Innenprüfung möglich;
441085;42ROK/77CD;0,341;0,422;5;_;_;42 RO/77 CD 436864;
441572;88RX/143SRD;1,19;0,438;5;_;_;88 RX/143 SRD 435672;
441693;DIA54/3–93CD;0,571;0,5;5;_;_;_;
441766;42R2/68CD;0,34;0,37;5;_;_;42 R2/68 CD 540576;
442091;79R2/106CD;0,975;0,606;5;_;_;79 R2/106 CD 405165;
442172;DIA80/4–DIA132/1;1,15;0,743;5;_;_;_;
442237;117R1/164CE;1,999;1,804;5;_;_;117 R1/164 CE 403577;
442270;DIA98/4-DIA153/2;1,438;1,677;5;_;_;88R4/145CE 442343;
442322;DIA42/1-DIA64/1;_;_;50/25;0,77;0,88;37R1/62C:442345 SG / 42R2/ 68CD:540576 DV;
442343;88R4/145CE;1,296;1,596;5;_;_;_;
442344;52R2/96CD;0,448;0,546;5;_;_;_;
442345;37R1/62C;_;_;50/30;0,69;0,64;_;
442346;30R/62C(I);_;_;50/30;0,9;0,67;_;
442394;117R1/164CE;1,999;1,782;5;_;_;117 R1/168 CE 516911;
442395;88R4/133CE;1,295;1,43;5;_;_;Behelfsmäßige Prüfung möglich;
442396;60R2/86CD;0,643;0,487;5;_;_;_;
442397;30R/54C;_;_;40/30;0,66;0,39;30R/54C;
442398;17C/34C;_;_;100/70;1,84;0,86;_;
442692;50CI/24C;0,065;0,118;5;_;_;50C/48CDD: 421341 / 50CI/24C: 468505;
442784;35CU/68C;_;_;30/20;0,6;0,5;_;
443318;DIA125/1-DIA89/1;0,442;-0,303;5;_;_;DIA125/1-DIA89/1 443318 + 483541;
443637;50CI/24C;0,065;0,118;5;_;_;50C/48CDD: 421341 / 50CI/24C: 468505;
443689;30ROK/54CK;_;_;40/30;0,66;0,39;_;
443906;105R1/154CE;1,785;1,678;5;_;_;_;
443941;52ROK/85CD;0,449;0,463;5;_;_;52 ROK/85 CD 577795;
444030;68CDK/52CEK;0,379;0,37;5;_;_;Innen Prüfung mög.;
444035;136CDK/87CFK;0,946;0,755;5;_;_;lt Hr. Zins nur Innenseite prüfen;
444046;82C/70ED;0,624;0,497;5;_;_;82 C/70 ED 424570;
444047;69EO/119CD;0,52;0,357;5;_;_;70 ED/120 CD 431697;
444097;30ROK/54C;_;_;40/30;0,66;0,39;30ROK/54C:443689/30ROK/54CDK:446324;
444098;42ROK/77CD;0,341;0,419;5;_;_;42 R2/77 CD 421166;
444331;82C/70ED;0,626;0,494;5;_;_;82 C/70 ED 424570;
444334;50C/48CDD;0,136;0,268;5;_;_;50 C/48 CDD 421341;
444422;70ED/120CD;0,626;0,972;5;_;_;70 ED/120 CD 431697;
444509;82CI/48CDD;0,138;0,212;5;_;_;82C/70ED 424570;
444538;82C/70ED;0,617;0,487;5;_;_;82 C/70 ED 424570;
444569;50CI/48CDD;0,136;0,118;5;_;_;50C/48CDD: 421341 / 50CI/24C: 468505;
445013;37ROK/68C;0,179;0,37;5;_;_;_;
445087;70ED/120CD;0,626;0,672;5;_;_;70 ED/120 CD 431697;
445273;35CU/62C;_;_;30/20;0,57;0,52;_;
445397;42RK/68CD;0,341;0,37;5;_;_;42 R2/68 CD 540576;
446323;42ROK/77CDK;0,341;0,414;5;_;_;_;
446324;30ROK/54CDK;_;_;60/30;1,22;1;_;
446428;50CI/48CDD;0,136;0,118;5;_;_;50C/48CDD: 421341 / 50CI/24C: 468505;
446639;50C/48CDD;0,136;0,268;5;_;_;50 C/48 CDD 421341;
446640;82C/70ED;0,617;0,487;5;_;_;82 C/70 ED 424570;
446641;50C/48CDD;0,136;0,268;5;_;_;50 C/48 CDD 421341;
446665;174CROK/274CF;4,3;3,796;5;_;_;_;
446666;98CROK/145CE;1,328;1,573;5;_;_;_;
446667;60ROK/94CD;0,647;0,515;5;_;_;60ROK/94CD 584385;
446668;37ROK/62C;_;_;50/30;0,7;0,65;_;
446796;42ROK/77CDK;0,341;0,414;5;_;_;446796 + 42RO/77CD 436864;
446797;30ROK/54CK;0,135;0,165;5;_;_;30ROK/54CK 446797 + 30ROK/54C 444097;
447486;52ROK/85CD;0,446;0,463;5;_;_;52 ROK/85 CD 577795;
447724;50C/48CDD;0,136;0,268;5;_;_;_;
448251;17,5/1-DIA34/1;_;_;50/30;2,33;1,22;17 C/34 C 424226;
448842;DIA80/2–DIA134/1;1,15;0,743;5;_;_;Innenpr. Möglich;
448853;DIA128/2-DIA190/1;1,28;1,1;5;_;_;DIA128/2-DIA190/1: 448853 für Außenseite;
449183;34C/19R1;_;_;50/30;1,74;2,31;34 C/19 C 437218;
449369;136CDK/87CFK;0,946;0,755;5;_;_;lt Hr. Zins nur Innenseite prüfen;
449587;42ROK/77CD;0,341;0,414;5;_;_;_;
449948;50CI/48CDD;0,136;0,118;5;_;_;50C/48CDD: 421341 / 50CI/24C: 468505;
450148;79RLX/106CD;0,853;0,609;5;_;_;79 RLX/106 CD 403582;
450366;DIA70/1K-DIA70/1K;0,365;0,365;5;_;_;82 C/70 ED 424570;
450874;34C/17C;0,044;0,097;5;_;_;34 C/17 C 426099;
450917;318CGK/194CRK;5,46;5,411;5;_;_;_;
450918;251CFK/154CRK;3,278;1,078;5;_;_;_;
450919;160CEK/102CFT;1,121;1,274;5;_;_;105 R1/154 CE 443906;
451408;17C/34CK;_;_;50/40;2,1;0,3;17C/34 C 421168;
451447;180CEK/106FDK;1,18;1,365;5;_;_;Nur Innenseite prüfen lt Hr. Zins;
451474;62CI/48CDDK;0,136;0,149;5;_;_;DIA 73/ DIA42 098954;
451475;62CI/48CDDK;0,136;0,149;5;_;_;DIA 73/ DIA42 098954;
452254;42DX/68CD;0,219;0,373;5;_;_;_;
452257;30R/54C;_;_;100/70;0,63;0,51;30R/54C 442397;
452265;42ROK/77CDK;0,341;0,414;5;_;_;42 ROK/77 CDK 446323;
452267;30ROK/54CDK;_;_;60/30;1,22;1;30 ROK/54 CDK 446324;
452347;50CIK/41CU;0,182;0,268;5;_;_;50-CIK/41 CU 462809;
452996;DIA79/1–DIA48/1;0,237;0,425;5;_;_;_;
453024;DIA79/1–DIA48/1;0,237;0,425;5;_;_;DIA 79/1 – DIA 48/1 452996;
453074;DIA52/2–DIA84/1;0,375;0,461;5;_;_;_;
453120;DIA54/3–91/1;0,471;0,505;5;_;_;_;
453194;69EO/119CD;0,52;0,357;5;_;_;70 ED/120 CD 431697;
453346;50CI/48CDD;0,136;0,118;5;_;_;50C/48CDD: 421341 / 50CI/24C: 468505;
453347;50CI/48CDD;0,136;0,118;5;_;_;50C/48CDD: 421341 / 50CI/24C: 468505;
453866;DIA44/1–DIA44/1;0,217;0,217;5;_;_;DIA44/1–DIA44/1 419220;
453903;DIA44/1–DIA44/1;0,217;0,217;5;_;_;DIA44/1–DIA44/1 419220;
453909;DIA44/1–DIA44/1;0,217;0,217;5;_;_;DIA44/1–DIA44/1 419220;
454091;DIA46/2–86,5CD;0,39;0,39;5;_;_;_;
454286;DIA200/1-DIA106/3;1,48;0,496;5;_;_;Nur Innenseite prüfen;
454344;207CE/134R;2,38;1,615;5;_;_;Nur Innenseite prüfen;
454485;207CE/134R1;2,38;1,615;5;_;_;HKS 02.2886 und 207CE/134R - 454485;stu
454600;DIA56/1-DIA56/1;0,159;0,11;5;_;_;Innen. Prüfung mög. HKS 02.4432;
454618;DIA45/DIA70,5;0,229;0,208;5;_;_;_;
454626;DIA93/DIA133;1,349;0,591;5;_;_;_;
454768;119CDP/102CDP;0,501;0,61;5;_;_;_;
454920;50CI/48CDD;0,136;0,118;5;_;_;50C/48CDD: 421341 / 50CI/24C: 468505;
455069;80CGY/128CE;1,138;1,065;5;_;_;80 CGY/128 CE 422732;
455173;174R/295CGK;4,3;5,446;5;_;_;_;
455203;98CROK/145CEK;1,328;1,573;5;_;_;98CROK/145CE 446666;
455219;60ROK/94CD;0,647;0,515;5;_;_;60ROK/94CD 584385;
455242;42ROK/77CD;0,341;0,414;5;_;_;42 R2/77 CD 449587;
455346;105R1/154CE;1,785;1,678;5;_;_;105 R1/154 CE 088497;
455886;37R/62C;0,179;0,185;5;_;_;37 R1/62 C 423715 + Kling.;
455909;19C/38C;0,052;0,108;5;_;_;_;
455912;19C/38C;0,052;0,108;5;_;_;_;
456121;DIA114/4-192/2;1,925;2,04;5;_;_;DIA114/4-192/2 456121 + DIA162/98R1 118488;
456492;50CI/48CDD;0,136;0,118;5;_;_;50C/48CDD: 421341 / 50CI/24C: 468505;
456809;82C/70ED;0,617;0,487;5;_;_;82 C/70 ED 424570;
456818;34C/17C;0,046;0,097;5;_;_;34 C/17 C 426099;
456910;37R/62C;0,18;0,339;5;_;_;_;
456935;37R1/62C;0,186;0,185;5;_;_;37 R1/62 C 553398;
457024;DIA200/1-DIA106/3;1,48;0,496;5;_;_;Nur Innenseite prüfen;
457025;DIA200/1-DIA106/3;1,48;0,496;5;_;_;Nur Innenseite prüfen;
457284;207CE/134R;2,38;1,615;5;_;_;HKS 02.28860;
457405;35CU/68C;_;_;30/20;0,6;0,5;35 CU/68 C 442784;
457619;50CDK/41CU;0,183;0,268;5;_;_;50-CIK/41 CU 462809;
458653;60R2/104CD;0,647;0,578;5;_;_;60 R2/104 CD 049773;
459194;98RX/145E;1,322;1,574;5;_;_;98RX/145E 544678 (Zus. 583245);
459462;70R2/104CD;0,84;0,585;5;_;_;_;
459540;DIA120/1-DIA89/1;0,441;0,275;5;_;_;_;
459664;98CROK/145CEK;1,324;1,235;5;_;_;_;
459665;79CROK/128CROK;0,861;1,062;5;_;_;_;
459666;19C/38CK;0,052;0,109;5;_;_;_;
459829;105RX/165CE;1,785;1,365;5;_;_;105RX/165CE 459829 + 105R1/165CE 093413;
460542;134R/207CE;2,37;2,23;5;_;_;_;
460589;DIA17/1-DIA34/1;0,047;0,097;5;_;_;17/1-34/1 147836;
460956;DIA56/1-DIA56/1;0,154;0,154;5;_;_;_;
461004;250CE/157CGD;2,778;2,298;5;_;_;_;
461530;DIA46/2–86CD;0,4;0,449;5;_;_;DIA 46/2 – 86,5 CD 454091;
461964;24R1/54C;_;_;100/70;1,25;0,65;40-417301-A;
462170;DIA82–DIA82;0,416;0,416;5;_;_;HKS 02.3805;
462186;41CI/29CD(O);0,078;0,078;5;_;_;HKS 41 CI/29 CD 02.4917;
462809;50CIK/41CU;0,182;0,268;5;_;_;_;
462871;50C/48CDD;0,136;0,268;5;_;_;50 C/48 CDD 421341;
462924;41CI/29C10;0,086;0,086;5;_;_;HKS 41 CI/29 CD 02.4917;
462938;41CI/29C10;0,082;0,085;5;_;_;HKS 41 CI/29 CD 02.4917;
463689;41CI/29CD(O);0,078;0,078;5;_;_;HKS 41 CI/29 CD 02.4917;
463932;41CI/29CD(O);0,079;0,079;5;_;_;HKS 41 CI/29 CD 02.4917;
464106;60R2/94CD;0,65;0,515;5;_;_;Innen 60RX/104CD: 47827 / Auß.60R2/86CD: 088080;
464321;50CI/48CDD;0,136;0,118;5;_;_;50C/48CDD: 421341 / 50CI/24C: 468505;
464447;46GN1/81ER1;0,236;0,241;5;_;_;_;
464450;39GN2/66ER1G;0,276;0,36;5;_;_;_;
464544;DIA82–DIA82;0,416;0,416;5;_;_;HKS 02.3805;
464630;79RLX/120CD;0,856;0,675;5;_;_;_;
465005;50CDK/41CU;0,183;0,268;5;_;_;50-CIK/41 CU 462809;
465119;DIA136/5-232/3;2,681;3,656;5;_;_;_;
465123;DIA106/5-DIA166/2;1,956;1,761;5;_;_;_;
465127;DIA65/3–DIA105/1;0,691;0,569;5;_;_;52 R2/96 CD 442344;
465130;DIA40/2–DIA71/1;0,276;0,378;5;_;_;42 DX/68 CD 452254;
465133;DIA29/1–49/1;0,128;0,143;5;_;_;_;
465256;154R2/227CE;3,27;2,47;5;_;_;_;
465257;88R4/133CE;1,188;1,432;5;_;_;_;
465258;30R1/54C;0,136;0,165;5;_;_;_;
465343;42DX/68CD;0,219;0,373;5;_;_;42 DX/68 CD 452254;
465346;30R1/54C;0,136;0,165;5;_;_;DIA 29/1 – DIA 49/1 465133;
465370;30R1/54C;_;_;50/30;0,9;0,74;30R1/54C1 421269;
343227;62C/30R;_;_;100/70;0,59;0,52;neu;
465882;50C/48CDD;0,136;0,268;5;_;_;50 C/48 CDD 421341;
465889;42R2/86CD;0,341;0,487;5;_;_;42 RLX/401 SRE 405228;
465892;30R1/54C;0,136;0,165;5;_;_;Keine HD lt. HAT, DIA29/1-62/1:470580;
466260;105R4X/165CE;1,785;1,365;5;_;_;105 R1/164 CE 087627;
466671;78CD/42RL;0,271;0,36;5;_;_;_;
466873;DIA40/2–DIA68/1;0,293;0,379;5;_;_;_;
467029;50CK/57CU;0,269;0,273;5;_;_;_;
467218;78CD/42RL;0,271;0,438;5;_;_;78 CD/42 RL;
467219;78CD/42RL;0,271;0,438;5;_;_;78 CD/42 RL;
467363;DIA43/2–DIA65/1;0,322;0,363;5;_;_;_;
467598;88CG2/140CE;1,267;1,392;5;_;_;88 CG2/140 CE 071939;
467599;52R2/86CD;0,445;0,47;5;_;_;52 R2/86 CD 051153;
467604;37R1/62C;0,186;0,185;5;_;_;37 R1/62 C 416912;
468123;101CHY/154CE;1,96;1,68;5;_;_;_;
468147;68CDK/52CEK;0,379;0,37;5;_;_;Innen Prüfung mög.;
468505;50CI/24C;0,065;0,118;5;_;_;50C/48CDD: 421341 / 50CI/24C: 468505;
468588;80CGY/128CE;1,184;1,065;5;_;_;DIA82/3-123CD 149429;
468869;50C/48CDD;0,136;0,268;5;_;_;50 C/48 CDD 421341;
468999;50CI/48CDD;0,136;0,118;5;_;_;50C/48CDD: 421341 / 50CI/24C: 468505;
469310;DIA56/3-DIA86/1;0,488;0,508;5;_;_;_;
469489;DIA56/3-DIA86/1;0,488;0,508;5;_;_;DIA 56/3 - DIA 86/1 569310;
469659;41CI/29C10;0,079;0,068;5;_;_;HKS 41 CI/29 CD 02.4917;
470260;104,5/5–156,5/2;1,937;1,72;5;_;_;_;
470422;DIA200/1-DIA152/1;0,806;0,496;5;_;_;105 R1/702 SRE 405226;
471299;34C/19R1;_;_;50/30;1,74;2,31;34 C/19 C 437218;
471351;45CEK/77CD;0,268;0,419;5;_;_;45CEK/77CD 587622;
472387;30R/54C;_;_;50/30;0,9;0,74;30R1/54C 465370;
499127;30R/54C;_;_;50/30;0,9;0,74;30R1/54C1 421269;
472459;37ROK/62C;_;_;50/30;0,68;0,65;37 ROK/62 C 472459;
472488;34C/17C;_;_;50/30;1,3;2,8;34 C/17 C 426009;
472488;34C/17C;0,045;0,098;5;_;_;_;
472664;37RLX/65D;0,185;0,19;5;_;_;_;
473218;41CI/29CD(O);0,078;0,078;5;_;_;HKS 41 CI/29 CD 02.4917;
473279;134R/207CE;2,37;2,23;5;_;_;134R1/ 207CE 050646;
473280;70R2/104CD;0,84;0,585;5;_;_;70 R2/104 CD 459462;
473301;79R1/120CD;0,975;0,67;5;_;_;79 R1/120 CD 413008;
473321;42RK/68CD;0,341;0,37;5;_;_;42 R2/68 CD 540576;
473443;DIA70/3-DIA100/1;1,149;0,749;5;_;_;_;
473449;DIA36/1-DIA60/1;0,17;0,32;5;_;_;_;
473473;69EO/119CD;0,52;0,357;5;_;_;70 ED/120 CD 431697;
474649;19C/38C;0,053;0,11;5;_;_;_;
512236;106CFD/180CE;1,296;1,87;5;_;_;_;
514085;98CG2/160CD;1,392;0,792;5;_;_;_;
516618;98R1/172CE;1,322;1,87;5;_;_;_;
516683;109CG2/190CE;1,56;2,03;5;_;_;_;
516910;145R1/200CE;3,06;2,22;5;_;_;_;
516911;117R1/168CE;2;1,43;5;_;_;_;
516970;88R4/140CE;1,3;1,16;5;_;_;_;
518911;60R/135CE;_;_;5;_;_;Nicht lesbar auf Zus.;
520005;134R/207CE;2,37;2,23;5;_;_;134R1/ 207CE 050646;
520705;88R4/140CE;1,3;1,16;5;_;_;88 R4/140 CE 516970;
520935;79R2/128CE;0,975;1,066;5;_;_;79 R2/128 CE 527676;
523299;134R2/207CE;2,374;2,236;5;_;_;_;
523300;79R2/128CE;0,975;1,065;5;_;_;79 R2/128 CE 527676;
526328;88R1/140CE;1,184;1,163;5;_;_;Behelfsmäßige Prüfung möglich;
526442;105R1/178CE;1,78;1,9;5;_;_;_;
527676;79R2/128CE;0,975;1,066;5;_;_;_;
529095;52R2/86CD;0,45;0,47;5;_;_;_;
529246;88R4/140CE;1,3;1,16;5;_;_;88 R4/140 CE 516970;
529284;60R2/94CD;0,647;0,515;5;_;_;_;
540202;154CE/88R4;1,302;1,685;5;_;_;_;
540576;42R2/68CD;_;_;40/20;0,35;0,32;42 R2/68 CD 540576;
540648;79R2/128CE;0,975;1,066;5;_;_;79 R2/128 CE 527676;
540912;98R1/165CE;1,325;1,733;5;_;_;_;
542166;88R4/133CE;1,3;1,433;5;_;_;_;
542464;105R1/154CE;1,785;1,678;5;_;_;_;
542598;DIA174/2-A123S;2,15;1,82;5;_;_;DIA 174/2 - A 123 S V 4606;
542785;117R1/164CE;1,999;1,804;5;_;_;117 R1/164 CE 403577;
542786;117R1/164CE;1,999;1,804;5;_;_;117 R1/164 CE 403577;
272093;30R/54C;_;_;100/70;0,61;0,53;_;
543073;105R1/154CE;1,785;1,678;5;_;_;_;
543254;117R1/168CE;2;1,43;5;_;_;117R1/168CE 516911;stu
544040;174RX/274F;4,3;3,8;5;_;_;_;
544045;98RX/145E;1,322;1,574;5;_;_;98 RX/145 E 544678;
544613;105R1/178CE;1,8;1,9;5;_;_;105 R1/178 CE 088107;
544678;98RX/145E;1,322;1,574;5;_;_;_;
544685;174RX/274F;4,3;3,8;5;_;_;174 RX/274 F 544040;
545364;DIA34/DIA57;0,11;0,169;5;_;_;_;
545701;70R2/96CD;0,835;0,543;5;_;_;70 R2/96 CD 414805;
545702;117R1/164CE;1,999;1,804;5;_;_;117 R1/164 CE 403577;
545742;88CG2/146CE;1,26;1,53;5;_;_;_;
546336;79R1/128CE;0,975;1,05;5;_;_;_;
546927;42R2/77CD;0,299;0,381;5;_;_;_;
547471;79RLX/149SRD;0,766;0,488;5;_;_;_;
548478;79R2/113CD;0,975;0,613;5;_;_;79R1/113CD 042342;
548688;60R2/94CD;0,645;0,517;5;_;_;_;
548893;98RX/145E;1,322;1,574;5;_;_;98 RX/145 E 548894;
548894;98RX/145E;1,322;1,574;5;_;_;_;
548895;98RX/145E;1,322;1,574;5;_;_;98 RX/145 E 544678;
548896;98RX/145E;1,322;1,574;5;_;_;98 RX/145 E 544678;
548898;174RX/274F;4,3;3,8;5;_;_;174 RX/274 F 544040;
548899;174RX/274F;4,3;3,8;5;_;_;174 RX/274 F 544040;
548901;174RX/274F;4,3;3,8;5;_;_;174 RX/274 F 544040;
549188;60RLX/92SRD;0,598;0,261;5;_;_;60 RLX/86 CD 549205;
549205;60RLX/86CD;0,598;0,487;5;_;_;_;
549398;70RLX/96CD;0,835;0,543;5;_;_;70 R2/96 CD 414805;
549744;105R1/184SRE;1,787;1,144;5;_;_;_;
550078;62EY/103SRD;0,605;0,286;5;_;_;_;
550079;73FY/113SRD;0,983;0,375;5;_;_;_;
550178;98RX/145E;1,322;1,574;5;_;_;98 RX/145 E 544678;
550179;98RX/145E;1,322;1,574;5;_;_;98 RX/145 E 544678;
550181;98RX/145E;1,322;1,574;5;_;_;98RX/145E 548893;
550182;174RX/274F;4,3;3,8;5;_;_;174 RX/274 F 544040;
550183;174RX/274F;4,3;3,8;5;_;_;174 RX/274 F 544040;
550185;174RX/274F;4,3;3,8;5;_;_;174 RX/274 F 544040;
550238;79R2/106CD;0,975;0,603;5;_;_;_;
550842;70R2/104CD;0,835;0,578;5;_;_;_;
551093;60R2/94CD;0,645;0,515;5;_;_;_;
551661;134R1/230SRE;2,273;1,647;5;_;_;_;
551663;73FY/142SRE;0,99;0,689;5;_;_;_;
553089;70ED/120CD;0,626;0,755;5;_;_;70ED/120CD 587980;stu
553316;88R4/146CE;1,294;1,523;5;_;_;88 R4/146 CE 577307;
553398;37R1/62C;0,187;0,185;5;_;_;_;
553551;105RO/159SRD;1,785;0,488;5;_;_;_;
553991;42R2/77CD;0,299;0,381;5;_;_;42 R2/77 CD 546927;
554165;101HY/179SRE;_;_;5;_;_;Lt. Zus berechnen;
555333;88R1/140CE;1,2;1,16;5;_;_;88CG2/140CE: 071939 / 88R1/140CE: 087217;
555773;79R2/106CD;0,975;0,601;5;_;_;79 R2/106 CD 555774;
555774;79R2/106CD;0,975;0,601;5;_;_;_;
555803;79R2/113CD;0,975;0,613;5;_;_;79R1/113CD 042342;
555900;88R4/133CE;1,291;1,427;5;_;_;_;
555901;88R4/133CE;1,291;1,427;5;_;_;88 R4/133 CE 555900;
555902;88R4/133CE;1,291;1,427;5;_;_;88 R4/133 CE 555900;
570048;101HY/154E;2,065;1,734;5;_;_;_;
570049;80FY/128E;1,138;1,065;5;_;_;80CGY/128CE 422732 + 80FY/128E 570049;
570291;60R2/94CD;0,65;0,52;5;_;_;60 R2/86 CD 434734;
570509;70R2/96CD;0,84;0,546;5;_;_;70 R2/96 CD 429306;
570708;70ED/120CD;0,626;0,755;5;_;_;70ED/120CD 587980;stu
570821;73FY/127SRD;0,983;0,419;5;_;_;73 FY/113 SRD 550079;
571160;42RO/77CD;0,341;0,417;5;_;_;42 R2/77 CD 421166;
571364;70R2/104CD;0,84;0,585;5;_;_;70 R2/104 CD 550842;
571407;70RO/96CD;0,836;0,543;5;_;_;70 RO/96 CD 429306;
571408;42RO/77CD;0,341;0,417;5;_;_;42 R2/77 CD 421166;
571410;DIA130/2-A94S;1,251;1,084;5;_;_;DIA 130/2 - A 94 S V 4356;
571633;42RO/77CD;0,341;0,417;5;_;_;42 R2/77 CD 421166;
572183;70ED/120CD;0,626;0,666;5;_;_;70ED/120CD 587980;stu
572300;117R1/190CE;1,999;2,029;5;_;_;Behelfsmäßige Prüfung möglich;
572301;79R2/106CD;1,031;0,606;5;_;_;79 R2/106 CD 405165;
573403;88R4/140CE;1,462;1,158;5;_;_;88 R4/140 CE 516970;
573594;98RX/145E;1,322;1,574;5;_;_;98 RX/145 E 544678;
573715;37ROK/62C;_;_;50/30;0,68;0,65;37 DD/62 C 429623;
573715;37ROK/62CDK;0,185;0,187;5;_;_;_;
573772;52RLX/92CD;0,353;0,501;5;_;_;_;
573966;42R2/68CD;0,341;0,374;5;_;_;42 R2/68 CD 422721;
573967;DIA54/3–93CD;0,573;0,5;5;_;_;DIA 54/3 – 93 CD 416910;
574885;DIA226/2-B154;3,18;2,47;5;_;_;DIA226/2-B154 V4317;
574886;DIA174/2-A123S;2,15;1,82;5;_;_;DIA 174/2 - A 123 S V 4606;
575772;80FY/128E;1,084;1,06;5;_;_;_;
575806;52RLX/92CD;0,353;0,501;5;_;_;_;
575938;60R2/86CD;0,641;0,487;5;_;_;_;
575973;60R2/86CD;0,641;0,487;5;_;_;_;
576739;105RO/159SRD;1,785;0,488;5;_;_;105RO/159SRD 553551 (Zus. 553551);
577302;70ED/120CD;0,626;0,663;5;_;_;70ED/120CD 587980;stu
577307;88R4/146CE;1,294;1,523;5;_;_;_;
577795;52ROK/85CD;0,446;0,463;5;_;_;_;
581194;70ED/120CD;0,626;0,755;5;_;_;70ED/120CD 587980;stu
581195;70ED/120CD;0,626;0,755;5;_;_;70ED/120CD 587980;stu
581196;70ED/120CD;0,626;0,755;5;_;_;70ED/120CD 587980;stu
581396;70ED/120CD;0,626;0,663;5;_;_;70ED/120CD 587980;stu
584385;60ROK/94CD;0,647;0,515;5;_;_;_;
586291;DIA162/105R1;1,789;1,736;5;_;_;HKS 02.2470 02.3789;
586292;DIA162/105R1;1,789;1,736;5;_;_;HKS 02.2470 02.3789;
587477;70ED/120CD;0,626;0,663;5;_;_;70ED/120CD 587980;
587622;45CEK/77CD;0,268;0,419;5;_;_;_;
587684;38DO/62C;0,183;0,183;5;_;_;_;
587980;70ED/120CD;0,626;0,666;5;_;_;_;
589036;45CEK/77CD;0,268;0,419;5;_;_;45CEK/77CD 587622;
589066;30ROK/54CDK;0,129;0,165;5;_;_;_;
589067;24ROK/54CDK;0,107;0,133;5;_;_;_;
589168;79ROK/106CDK;0,975;0,605;5;_;_;_;
589169;52ROK/86CDK;0,45;0,488;5;_;_;_;
589170;30ROK/54CDK;0,129;0,165;5;_;_;30 ROK/54 CDK 589066;
606118;42R2/78CD;0,292;0,357;5;_;_;_;
608306;174R1/268F;4,3;4,295;5;_;_;_;
608312;154R1/227CE;3,27;2,47;5;_;_;_;
610753;DIA162/2-98R1;1,323;1,736;5;_;_;DIA162/2-98R1 610753 + (DV) 98R1 114352;
612449;DIA162/98R1;1,323;1,736;5;_;_;DIA162/2-98R1 610753 + (DV) 98R1 114352;
612452;DIA162/98R1;1,323;1,736;5;_;_;DIA162/2-98R1 610753 + (DV) 98R1 114352;
612687;DIA162/105R1;1,789;1,736;5;_;_;HKS 02.2470 02.3789;
613804;DIA162/98R1;1,323;1,736;5;_;_;HKS 02.3281;
614212;DIA162/105R1;1,789;1,736;5;_;_;DIA162/2-98R1 610753 + DIA162/2 123480;
811078;79R2/120CCE;0,975;0,957;5;_;_;_;
811253;88R4/140CE;_;_;5;_;_;(HCA);
811302;174R/274CF;4,3;3,79;5;_;_;174 RX/274 F 544040 (HCA);
811303;98R1/165CE;1,325;1,733;5;_;_;98 R1/165 CE 540912 (HCA);
811374;60R2/94CD;0,646;0,52;5;_;_;62R2/94CD 811728;
811726;79R2/120CCE;0,975;0,957;5;_;_;_;
811727;79R2/120CCE;0,975;0,957;5;_;_;_;
811728;60R2/94CD;0,646;0,52;5;_;_;_;
811730;88R4/140CE;1,462;1,158;5;_;_;_;
811762;88R4/140CE;1,186;1,163;5;_;_;88 R4/140 CE 811730;
812285;60R2/94CD;0,646;0,52;5;_;_;62R2/94CD 812285;
812342;60R2/94CD;0,646;0,52;5;_;_;62R2/94CD 479702;
812346;52RX/85CD;0,442;0,467;5;_;_;_;
812377;60R2/94CD;0,646;0,52;5;_;_;62R2/94CD 811728;
13325;85CD/47CE3;_;_;5;_;_;Keine Zus gefunden;
21208;48CI/29C;0,078;0,123;5;_;_;_;
23493;71CI/48CD;0,195;0,139;5;_;_;_;
28751;52R2/104CD;0,445;0,585;5;_;_;_;
28957;48CI/29C10;0,078;0,123;5;_;_;Innen. Prüfung mög.;
34426;134R2/200CE;2,383;2,224;5;_;_;_;
34427;88R4/140CE;1,3;1,12;5;_;_;_;
34935;40C/30R;_;_;50/40;1;1;_;
34936;30R/12A;_;_;50/40;1;1;_;
35059;60R2/104CD;0,645;0,585;5;_;_;_;
36639;42R2/78CD;0,341;0,418;5;_;_;_;
36641;30R1/54C;0,13;0,156;5;_;_;_;
36858;47CD/35CD;0,112;0,181;5;_;_;Innen. Prüfung mög.;
37056;DIA122,2/DIA82,5;0,288;0,627;5;_;_;79 R1/133 CD 042342 nur innen lt. TU;
37057;DIA82,5–DIA49;0,19;0,243;5;_;_;42 RX/77 CD 316485;
37470;94CI/52CE10;0,45;0,237;5;_;_;94 CI/48 U 051322;
37637;24CI/15A;0,039;0,036;5;_;_;Kein HD-Prüfung lt. HAT;
38417;296CF/174R;4,296;4,735;5;_;_;_;
38418;207CE/134R1;2,38;2,255;5;_;_;_;
38419;190CE/117R;1,968;2;5;_;_;_;
40412;DIA114/DIA70;0,667;1,22;5;_;_;DIA 114/DIA 70 405723;
41879;79R2/120CD;0,975;0,666;5;_;_;_;
42181;30R/54C1;_;_;100/70;0,71;0,48;30R1/54C1 421269;
42185;42R2/78CD;0,341;0,418;5;_;_;_;
42697;42RL/94C;0,3;0,28;5;_;_;_;
42766;19R/12A;0,027;0,027;5;_;_;Kein Prüfvorr. Prüfung mög.;
45347;79R/130CD;0,975;0,622;5;_;_;_;
45766;79R1/128CE;0,975;1,05;5;_;_;_;
45803;70R1/128CE;0,837;1,17;5;_;_;_;
45964;24R1/54C;_;_;100/70;1,25;0,55;_;
48016;128CI/85CD;0,316;0,44;5;_;_;128 CI/85 CD 083506;
48017;182CE/117R1;1,968;1,998;5;_;_;_;
48910;52R2/94CD;0,445;0,515;5;_;_;_;
49110;52R2/105CD;0,376;0,309;5;_;_;_;
49111;30R/62C;0,082;0,18;5;_;_;_;
49402;42R2/77CD;0,3;0,38;5;_;_;_;
49773;60R2/104CD;0,647;0,578;5;_;_;_;
49774;37R/66C;0,18;0,195;5;_;_;_;
49890;105R1/178CE;1,78;1,9;5;_;_;_;
50344;42R2/70CD;0,341;0,35;5;_;_;_;
50646;134R1/207CE;2,37;2,23;5;_;_;_;
50754;138CD/105CD;0,741;0,528;5;_;_;138 CD/105 CD 050754;
50815;134R2/200CE;2,383;2,224;5;_;_;134 R1/200 CE 034426;
51153;52R2/86CD;0,45;0,47;5;_;_;_;
51322;94CI/48U;_;_;60/40;0,4;0,49;_;
51385;134R1/207CE;2,37;2,23;5;_;_;134 R1/ 207 CE 520005;
51989;52R2/86CD;0,383;0,439;5;_;_;_;
51992;42RL/70CD;0,293;0,208;5;_;_;42 RL/70 CD 313106;
52337;70R2/104CD;0,834;0,578;5;_;_;_;
52351;79R1/128CE;0,975;1,06;5;_;_;_;
52552;174R/274CF;4,3;3,79;5;_;_;_;
52553;154R1/227CE;3,27;2,47;5;_;_;_;
53225;30R1/58CD;_;_;5;_;_;Keine Zus. gefunden;
53909;174R/274CF;4,3;3,79;5;_;_;_;
53940;154R1/227CE;3,27;2,47;5;_;_;_;
54201;205CE/117R;1,991;1,935;5;_;_;_;
54272;199CD-DIA154/1;0,843;1,103;5;_;_;Nur Innenseite prüfen;
54541;105R1/178CE;1,79;1,9;5;_;_;105 R1/178 CE 076439;
55320;149CE/98R1;1,324;1,628;5;_;_;149 CE/98 R1 055321;
55581;42R/82C;0,293;0,205;5;_;_;_;
55924;105R1/165CE;1,785;1,365;5;_;_;105 R1/165 CE 093413;
57099;79R2/128CE;0,975;1,064;5;_;_;_;
57184;30R1/54C;0,13;0,156;5;_;_;30 R1/54 C 088921-A;
57188;52R/85CD;0,45;0,47;5;_;_;_;
58239;94CI/62CD;0,234;0,332;5;_;_;Nur Innenprüfung möglich;
70589;117R1/211E;2;2,27;5;_;_;_;
71939;88CG2/140CE;1,267;1,392;5;_;_;_;
72073;B154/226CE;3,217;2,476;5;_;_;DIA 226/2 - B 154 V 4317;
72344;37R/77C;0,179;0,223;5;_;_;_;
73362;155V/227CE;3,6;2,48;5;_;_;_;
73363;99V/165CE;1,68;1,73;5;_;_;_;
73636;146V/200CE;3,4;1,7;5;_;_;_;
74107;118V/178CE;2,38;1,48;5;_;_;_;
74246;70R2/104CD;0,834;0,578;5;_;_;_;
74800;98R1/165CE;1,325;1,36;5;_;_;_;
74848;98R1/165CE;1,325;1,36;5;_;_;_;
74849;98R1/165CE;1,325;1,36;5;_;_;98 R1/165 CE 078848;
76221;180CE/106CFD;1,18;1,365;5;_;_;Nur Innenseite prüfen;
76439;105R1/178CE;1,79;1,9;5;_;_;_;
78817;88CG2/140CE;1,267;1,392;5;_;_;88 CG2/140 CE 071939;
78818;52R2/86CD;0,45;0,47;5;_;_;52 R2/86 CD 051153;
80782;136CI/70R1;0,838;0,345;5;_;_;136 CI/ 79 R1 083729;
80783;136CI/70R1;0,838;0,345;5;_;_;136 CI/ 79 R1 083729;
82010;138CD/105CD;0,741;0,528;5;_;_;138CD/105CD 050754;
83045;114CI/DIA80;0,361;0,273;5;_;_;121 CI/DIA 83 084598;
83506;128CI/85CD;0,316;0,44;5;_;_;128 CI/85 CD 083506;
83728;136CD/79R1;0,975;0,75;5;_;_;136 CD/79 R1 083729;
83729;136CD/79R1;0,975;0,75;5;_;_;_;
83997;70R2/104CD;0,834;0,585;5;_;_;_;
84598;121CI/DIA83;0,309;0,361;5;_;_;_;
85126;DIA73/DIA42;0,345;0,405;5;_;_;_;
86342;79R2/118CE;0,975;1,258;5;_;_;Innenpr. Möglich;
87209;70RL/104CD;0,731;0,585;5;_;_;70 R2/104 CD 417295;
87214;60RL/94CD;0,595;0,517;5;_;_;60 ROK/94 CD 446667;
87217;88R1/140CE;1,2;1,16;5;_;_;_;stu
87218;42RL/68CD;0,273;0,378;5;_;_;Kein Prüfvorr. Prüfung mög.;
87627;105R1/164CE;1,79;1,68;5;_;_;_;
87733;117R1/164CE;1,999;1,8;5;_;_;117 R1/164 CE 403577;
88078;98R4/145CE;1,44;1,58;5;_;_;_;
88079;79R2/106CD;0,975;0,606;5;_;_;79 RLX/106 CD 403582;
88080;60R2/86CD;0,646;0,488;5;_;_;_;
88107;105R1/178CE;1,8;1,9;5;_;_;_;
88497;105R1/154CE;1,785;1,678;5;_;_;_;
88921;30R/54C;_;_;30/20;1,08;0,58;30R/54C;
89448;DIA55/85CD;0,571;0,466;5;_;_;_;
89486;DIA64/3–104CD;0,686;0,585;5;_;_;_;
90665;39GN2/74ER1G;_;HD;30/20;_;0,12;_ / große Seite Hochdruck;
90665;39GN2/74ER1G;0,276;HD;5;_;_;42ROK/77CD 449587 / Gr. Seite HD;
91022;71CI/48C12;0,137;0,15;5;_;_;71 CI/48 CD 023493;
91505;DIA73/DIA119;1,11;0,87;5;_;_;_;
91533;DIA106/5-DIA166/2;2,24;1,77;5;_;_;_;stu
92879;105R1/154CE;1,785;1,678;5;_;_;105 R1/154 CE 543073;
92898;52R2/78CD;0,445;0,439;5;_;_;_;
93413;105R1/165CE;1,785;1,365;5;_;_;_;
94101;47CE/76CD;0,404;0,39;5;_;_;_;
96652;130CI/80CED;0,707;0,337;5;_;_;Nur Innenprüfung möglich;
96898;DIA34/DIA57;0,099;0,169;5;_;_;DIA 34/DIA 57 545364;
98628;DIA92/1–DIA56/2;0,5;0,51;5;_;_;_;
98850;DIA122/DIA75;0,975;1,295;5;_;_;_;
98907;DIA60/DIA32;0,16;0,32;5;_;_;_;
98954;DIA73/DIA42;0,345;0,405;5;_;_;_;
98996;120CD/70ER;0,835;0,596;5;_;_;_;
99000;39GN2/74ER1G;0,276;HD;5;_;_;Innen: 42ROK/77CD 449587 - aussen: HD;stu
99145;DIA114/DIA70;0,667;1,22;5;_;_;DIA 114/DIA 70 405723;
99653;79R2/128CE;0,975;1,064;5;_;_;_;stu
99661;70R2/106CD;0,838;0,604;5;_;_;70 R2/96 CD 414805;
99663;24CI/15A;0,039;0,036;5;_;_;24CI/15A: 429914 (keine HD-Prüfung/HAT);
V3446;DIA80/1-A57;0,567;0,44;5;_;_;_;
V4317;DIA226/2-B154;3,18;2,47;5;_;_;_;
V4326;DIA174/2-A123S;2,15;1,82;5;_;_;DIA 174/2 - A 123 S V 4606;
V4327;DIA174/2-A123S;2,15;1,82;5;_;_;DIA 174/2 - A 123 S V 4606;
V4355;DIA130/2-A94S;1,26;1,08;5;_;_;DIA 130/2 - A 94 S V 4356;
V4356;DIA130/2-A94S;1,26;1,08;5;_;_;_;
V4606;DIA174/2-A123S;2,15;1,82;5;_;_;DIA 174/2 - A 123 S V 4606;
V4624;DIA74/1–DIA45/1;0,202;0,215;5;_;_;_;
V4625;DIA130/1-DIA90/2;0,73;0,71;5;_;_;_;
V4664;DIA130/2-A94S;1,26;1,08;5;_;_;DIA 130/2 - A 94 S V 4356;
V4739;DIA174/2-A123S;2,15;1,82;5;_;_;DIA174/2-A123S V4606;
V4771;DIA174/2-A123S;2,15;1,82;5;_;_;DIA 174/2 - A 123 S V 4606;
V4774;DIA174/2-A123S;2,15;1,82;5;_;_;DIA 174/2 - A 123 S V 4606;
V4775;DIA226/2-B154;3,18;2,47;5;_;_;DIA226/2-B154 V4317;
VE0996;60R2/96CD;_;_;5;_;_;Keine Zus gefunden;
VE4212;601SFV/113SRD;0,38;_;5;_;_;60RX/104CD: 147827(innen) keine Zus. Gefunden;
VE4213;301SFV/78SRD;_;_;5;_;_;Keine Zus gefunden;
590927;77CTO/113CD;0,58;0,648;5;_;_;_;
474906;80CDE/80CDE;0,455;0,455;5;_;_;HKS 02.5705 (82/1-82/1 - 149313);
475484;DIA124,6-89/1;0,45;0,312;5;_;_;DIA124,6-89/1 443318 + 483541;
475795;45CEK/77CD;0,268;0,419;5;_;_;45CEK/77CD 587622;
428009;50C/48CDD;0,136;0,268;5;_;_;50C/48CDD 421341;
587719;DIA174/2-A123S;2,15;1,82;5;_;_;_;
587718;DIA226/2-B154;3,18;2,47;5;_;_;_;
475302;69EO/119CD;0,52;0,357;5;_;_;_;
476900;30ROK/54CDK;0,135;0,165;5;_;_;_;
466015;30R1/54C;_;_;50/30;0,9;0,74;30R1/54C1 421269;
591651;70ED/120CD;0,626;0,666;5;_;_;70ED/120CD 587980;
474610;DIA18/1-37/1;0,07;0,17;5;_;_;_;
477400;41CI/29C;0,082;0,086;5;_;_;HKS 41 CI/29 CD 02.4917;
590926;127CGT/207CEK;1,839;2,23;5;_;_;_;
438285;62C/42C;0,21;0,338;5;_;_;_;
477168;DIA70/2-125/1;0,663;0,689;5;_;_;_;
476818;42ROK/77CDK;0,341;0,414;5;_;_;42R2/77CD 421166;
476817;60RXK/94CDK;0,645;0,515;5;_;_;60R2/94CD 434734;
476819;24RK/46CK;_;_;100/70;1,04;0,75;_;
476820;17C/34C;_;_;100/70;1,81;0,86;17C/34C 422278;
430339;DIA64/3-DIA105/1;0,676;0,591;5;_;_;70R2/104CD 417295;
608313;174R1/268F;4,3;4,295;5;_;_;174R1/268F 608306;
477698;DIA82/1-DIA82/1;0,416;0,416;5;_;_;DIA82/1-DIA82/1 462170+477698;
147472;41CI/29C;0,082;0,086;5;_;_;HKS 41CI/29C 02.4917;
478147;42ROK/77CDK;0,341;0,414;5;_;_;_;
V4676;DIA174/2-A123S;2,15;1,82;5;_;_;_;
99664;20CI/12A;0,027;0,027;5;_;_;20CI/12A 429916;
575840;8XSP35,7/6-60R;0,646;0,526;5;_;_;_;
54076;8XSP35,7/6-60R;0,646;0,526;5;_;_;_;
70954;8XSP35,7/6-60R;0,646;0,526;5;_;_;8XSP35,7/6-60R 054076;
478408;19R/38C;0,083;0,197;5;_;_;17C/34C 424226;
478407;37R1/62C;0,185;0,185;5;_;_;37R1/62C 442345;
478406;52R2/78C;0,449;0,439;5;_;_;DIA54/2-DIA84/1 430327;
478498;50C/48CDD;0,136;0,268;5;_;_;50C/48CDD 421341;
478289;35CU/68C;0,165;0,201;5;_;_;_;
478526;50C/48CDD;0,136;0,268;5;_;_;50C/48CDD 421341;
478244;45CEK/77CD;0,268;0,419;5;_;_;45CEK/77CD 587622;
276139;88R/133CE;1,186;1,433;5;_;_;88R/133CE 276139;
478874;79RLX/106CD;0,86;0,61;5;_;_;neu;
274686;105R/178CE;1,78;1,9;5;_;_;105R/178CE 272268;
592510;101HY/154E;2,065;1,738;5;_;_;_;
592511;80FY/128E;1,089;1,073;5;_;_;80CGY/128CE 422732 + 80FY/128E 570049;
592538;60R2/94CD;0,65;0,52;5;_;_;60R2/94CD 529284;
466718;82/1-82/1;0,416;0,416;5;_;_;neu;
274685;105R/178CE;1,78;1,9;5;_;_;105R/178CE 272268;
271370;88R4/133CE;1,295;1,43;5;_;_;_;
582232;70ED/120CD;0,626;0,675;5;_;_;70ED/120CD 587980;stu
142063;DIA19/1-38C;0,057;0,099;5;_;_;DIA19/1-38C 110307;
278503;92C/62CF;0,78;0,503;5;_;_;DIA92/1-DIA56/2 098628;
479515;154CD-95/2;0,738;0,725;5;_;_;154CD-95/2 143071 + 479515;
479060;52R2/78CD;0,445;0,439;5;_;_;_;
479577;52R2/78CD;0,445;0,439;5;_;_;52R2/78CD 479060;
270654;88R4/133CE;1,295;1,43;5;_;_;_;
475522;DIA73/3-121/2;0,975;1,005;5;_;_;neu;
479702;60R2/94CD;0,645;0,518;5;_;_;_;
276126;174R/274CF;4,3;3,79;5;_;_;_;
480036;50CI/48CDD;0,136;0,118;5;_;_;50C/48CDD: 421341 / 50CI/24C: 468505;
478248;39/2-74CD;0,278;0,39;5;_;_;_;
272295;88R4/133CE;1,3;1,43;5;_;_;_;
480160;37RLX/65D;0,185;0,193;5;_;_;37RLX/65D 427687;
480158;80FY/128E;1,079;1,065;5;_;_;80CGY/128CE 422732 + 80FY/128E 570049;
480157;101HY/154E;2,065;1,678;5;_;_;101HY/154E 570048;
480159;52RLX/92D;0,353;0,501;5;_;_;52RLX/92CD 427686;
475241;50CI/48CDD;0,22;0,268;5;_;_;50C/48CDD: 421341 / 50CI/24C: 468505;
142762;82/1-82/1;0,416;0,416;5;_;_;HKS 02.5705 und 82/1-82/1 142762;stu
270466;134R/207CE;2,37;2,23;5;_;_;134R1/207CE 570785;
277492;88R4/133CE;1,3;1,433;5;_;_;88R4/133CE 272295;
279441;134R/207CE;2,379;2,233;5;_;_;134R1/207CE 570785;
478756;82/1-82/1;0,416;0,416;5;_;_;HKS 02.5705 und 82/1-82/1 149313;
480659;DIA18/1-37/1;0,07;0,17;5;_;_;DIA18/1-37/1 474610;
480691;80CDE/80CDE;0,423;0,423;5;_;_;HKS 02.5705 (82/1-82/1 - 149313);stu
482194;207CE/134R;2,38;1,615;5;_;_;HKS 02.2886 und 207CE/134R - 482194;stu
480670;30R1/54C;0,13;0,156;5;_;_;_;stu
480968;DIA17,5/1-34/1;0,049;0,098;5;_;_;17C/34C 424226;stu
550184;174RX/274F;4,3;3,8;5;_;_;174 RX/274 F 544040;stu
278961;30RK/54CK;0,134;0,171;5;_;_;_;stu
278952;105R/178CE;1,787;1,9;5;_;_;neu;stu
278958;52R/85CDK;0,455;0,471;5;_;_;_;stu
427610;50C/48CDD;0,136;0,268;5;_;_;50C/48CDD 421341;stu
593685;52R2/86CD;0,445;0,47;5;_;_;_;stu
477299;41CI/29C;0,079;0,079;5;_;_;HKS 02.4917;stu
276387;88R/133CE;1,292;1,43;5;_;_;88R/133CE 276139;stu
129919;82/1-82/1;0,419;0,419;5;_;_;HKS 02.5705 und 82/1-82/1 149313;stu
479179;58CDE/58CDE;0,283;0,283;5;_;_;DIA56/1-DIA56/1 460956.;stu
482508;117R1/168CE;2;1,43;5;_;_;117R1/168CE 516911;stu
482784;24R/46C;0,114;0,13;5;_;_;DIA29/1-DIA49/1 465133;stu
482851;37R1/62C;0,185;0,185;5;_;_;_;stu
482878;52R2/96CD;0,448;0,546;5;_;_;52R2/96CD 442344;stu
135564;DIA82/82;0,419;0,419;5;_;_;HKS 02.5705 und 82/1-82/1 142762;stu
482582;45CEK/77CD;0,268;0,419;5;_;_;45CEK/77CD 587622;stu
482829;85CDP/75CDP;0,378;0,447;5;_;_;85CDP/75CDP 470332;stu
470332;85CDP/75CDP;0,378;0,447;5;_;_;_;stu
594047;70ED/120CD;0,626;0,663;5;_;_;_;stu
97267;41CD10/41CD10;0,184;0,184;5;_;_;_;stu
484661;87GY/164SRE;1,476;1,02;5;_;_;87GY/164SRE 432453;
277612;42R/68CD;0,341;0,378;5;_;_;_;stu
270467;70R2/96CD;0,836;0,543;5;_;_;_;stu
84476;88R4/133CE;1,298;1,428;5;_;_;neu;stu
269437;42R/68CD;0,341;0,37;5;_;_;42R/68CD 277612;stu
483642;82C/70ED;0,633;0,493;5;_;_;82C/70ED 424570;stu
137153;3XDIA211-160/3;2,011;1,378;5;_;_;_;stu
260476;60R/94CD;0,649;0,527;5;_;_;_;
594293;42RK/68CD;0,341;0,37;5;_;_;_;
594294;30RK/54CD;0,129;0,165;5;_;_;_;
279615;52R/78CD;0,447;0,451;5;_;_;_;
279817;96CD/60RLX;0,598;0,545;5;_;_;96CD/60RLX 279500;
279818;96CD/60RLX;0,598;0,545;5;_;_;neu;
276902;105R/164CE;1,79;1,804;5;_;_;_;
425279;52R2/78CD;0,445;0,439;5;_;_;_;
484674;52RLO/92D;0,353;0,504;5;_;_;52RLX/92D 427686;
484675;37RLO/65D;0,278;0,193;5;_;_;37RLX/65D 427687;
269649;19R/38C;0,052;0,109;5;_;_;neu;
275142;19R/38C;0,052;0,109;5;_;_;19R/38C 269649;
484791;50CI/48CDD;0,136;0,118;5;_;_;50CI/24C 468505 + 50C/48CDD 421341;
274849;52R/78CD;0,447;0,451;5;_;_;_;
274850;30R/54C;0,138;0,166;5;_;_;_;
594733;42RK/68CD;0,341;0,37;5;_;_;neu;
484837;42RK/68CD;0,341;0,37;5;_;_;neu;
594734;30RK/54CD;0,129;0,165;5;_;_;neu;
484916;30RK/54CD;0,129;0,165;5;_;_;neu;
484983;50C/48CDD;0,136;0,268;5;_;_;50C/48CDD 421341;
484454;82C/70ED;0,617;0,487;5;_;_;82C/70ED 424570;
485399;30ROK/54CDK;0,127;0,158;5;_;_;_;
270286;70R/96CD;0,836;0,548;5;_;_;_;
99000;39GN2/74ER1G;_;HD;30/20;_;0,12;aussen: HD 39GN2/74ER1G 090665;
147071;82/1-82/1;0,416;0,416;5;_;_;HKS 02.5705 und 82/1-82/1 149313;
485609;82CIK/48CDDK;0,138;0,212;5;_;_;82C/70ED 424570;
485621;50CK/48CDDK;0,138;0,268;5;_;_;50C/48CDD 421341;
141149;DIA82/1-82/1;0,416;0,416;5;_;_;_;
419109;82C/70ED;0,625;0,493;5;_;_;82 C/70 ED 424570;
594736;88CRXK/133CEK;1,184;1,113;5;_;_;_;
270503;117R/164CE;1,999;1,804;5;_;_;_;
484258;DIA44/1–DIA44/1;0,217;0,217;5;_;_;DIA44/1–DIA44/1 419220;
484259;DIA44/1–DIA44/1;0,217;0,217;5;_;_;DIA44/1–DIA44/1 419220;
483541;DIA125/1-89/1;0,442;-0,303;5;_;_;_;
272187;88R4/133CE;1,295;1,43;5;_;_;88R4/133CE 271370;
272867;18VP/34VP;0,05;0,098;5;_;_;neu;
448665;50CI/48CDD;0,136;0,118;5;_;_;50CI/48CDD 489974;
486910;70ED/120CD;0,624;0,67;5;_;_;70ED/120CD 431697;
274712;174R2/274CF;4,3;3,79;5;_;_;174R/274CF 276126;
123124;200CD/105R1;1,792;1,089;5;_;_;Nur Innenprüfung möglich;
486463;30R1/54C;0,136;0,165;5;_;_;30R1/54C 480670;
487128;101HY/179SRE;2,068;1,599;5;_;_;_;
496823;98CROK/145CEK;1,328;1,573;5;_;_;98CROK/145CE 446666 + 98CROK/145CEK 487092;
487111;24RK/46CK;_;_;100/70;1,04;0,75;24RK/46CK 476819;
487092;98CROK/145CEK;1,328;1,573;5;_;_;98CROK/145CE 446666 + 98CROK/145CEK 487092;
487105;82CI/48CDD;0,138;0,212;5;_;_;82C/70ED 424570;
487153;42ROK/77CDK;0,341;0,414;5;_;_;42R2/77CD 421166;
487112;17C/34C;_;_;100/70;1,81;0,86;17C/34C 422278;
272947;88R4/133CE;1,291;1,43;5;_;_;88R4/133CE 270654;
487296;30R1/54C;_;_;50/30;0,9;0,74;30R1/54C1 421269;
487325;50C/48CDD;0,136;0,268;5;_;_;50C/48CDD 421341;
487309;50CI/48CDD;0,136;0,118;5;_;_;50C/48CDD 421341 + 50CI/24C 468505;
487299;82CI/48CDD;0,138;0,212;5;_;_;82C/70ED 424570;
88071;41CD10/41CD10;0,184;0,184;5;_;_;_;
453486;82C/70ED;0,617;0,487;5;_;_;neu;
595864;60ROK/94CD;0,647;0,515;5;_;_;60ROK/94CD 584385;
272165;DIA49/1-35/1;0,101;_;5;_;_;37R1/62C: 416912 nur Innenprüfung möglich;
488275;DIA17,5/1-34/1;0,053;0,098;5;_;_;17C/34C 424226;
488243;DIA42/1-64/1;0,215;0,188;5;_;_;42R2/68CD 540576;
274851;17C/34C;_;_;100/70;1,81;0,86;_;
72801;105CD/65CED;0,558;0,571;5;_;_;_;
488411;101CJY/179SRE;2,152;1,237;5;_;_;101HY/179SRE 487128;
488412;101CJY/179SRE;2,152;1,237;5;_;_;neu;
527377;154CE/88R1;1,186;1,685;5;_;_;154CE/88R4 540202;
366816;30R/54C;0,138;0,166;5;_;_;30R1/54C 088921;
488836;DIA54/3-91/1;0,471;0,505;5;_;_;_;
596279;70ED/120CD;0,626;0,663;5;_;_;70ED/120CD 587980;
489028;145R/200CE;3,06;2,22;5;_;_;145R1/200CE 516910;
580812;69EO/119CD;0,52;0,357;5;_;_;70ED/120CD 587980;
469518;88R4/133CE;1,3;1,433;5;_;_;neu;
487022;DIA94/1-68/1;0,309;_;5;_;_;Nur Innenpr.: 68CDK/52CEK 468147;
27184;46,5/1-35/1;_;_;100/70;1,04;0,56;_;
133289;94/1-70/1;0,332;0,488;5;_;_;neu;
550180;98RX/145E;1,322;1,574;5;_;_;98RX/145E 548893;
421832;DIA128-DIA97;0,297;0,27;5;_;_;neu;
489974;50CI/48CDD;_;_;100/70;0,6;0,7;_;
489975;50CI/48CDD;_;_;50/30;0,9;1;_;
489268;15A/13A;_;_;100/70;2,95 (13A);2,39 (15A);_;
490792;50CI/48CDD;_;_;50/30;0,9;1;50CI/48CDD 489974;
469520;60R2/86CD;0,643;0,487;5;_;_;neu;
469522;30R1/54C;_;_;50/30;0,9;0,74;neu;
469524;17C/34C;_;_;100/70;1,84;0,86;neu;
152137;56/1-56/1;_;_;100/70;0,7 (Saug);0,52 (Druck);_;
147070;82/1-82/1;_;_;100/70;2,05;2,05;82/1-82/1 147070 + 82/1-82/1 149313;
597418;70ED/120CD;_;_;100/70;1,2;1,2;_ (10dm3);
430333;DIA17,5/1-34/1;_;_;100/70;1,65;0,83;17C/34C 424226;
491331;101CJY/179SRE;1;0,6;5;_;_;101HY/179SRE 487128 (SONDERWERTE!);
470580;DIA29/1-62/1;0,128;0,184;5;_;_;_;
489267;23,5/1-46C;0,067;0,134;5;_;_;_;
494180;30R/54C;_;_;50/30;0,9;0,74;30R1/54C1 421269;
492060;82CI/48CDD;0,138;0,212;5;_;_;82C/70ED 424570;
492098;82C/70ED;0,62;0,5;5;_;_;82C/70ED 424570;
491734;115CKY/190CE;2,83;2,03;5;_;_;DIA114/4-192/2: 456121 / DIA162/98R1: 118488;
380247;30R/54C;0,138;0,166;5;_;_;30R1/54C: 088921;
492286;50CI/48CDD;_;_;50/30;0,9;1;50CI/48CDD 489974;
491629;DIA98/3-153CD;1,35;0,87;5;_;_;98/3-153CD: 131134;
491611;DIA23,5/1-46C;_;_;100/70;1,21;0,6;_;
492345;19C/38C;_;_;100/70;1,61;0,76;_;
275130;134R/207CEK;2,377;2,236;5;_;_;_;
492303;30ROK/54CK;_;_;100/70;0,63;0,51;_;
492614;30R1/54C;_;_;50/30;0,9;0,74;30R1/54C1 421269;
492662;DIA142/1-92/1;0,482;_;5;_;_;_;
438284;85CD/42C;0,189;0,463;5;_;_;neu;
491792;37R/24R;0,107;0,077;5;_;_;neu;
492904;214R/318CF;3;2,2;5;_;_;neu (SONDERWERTE!);
276903;52R/78CD;0,447;0,451;5;_;_;52R/78CD 279615;
493127;50D2/38DD;0,185;0,203;5;_;_;neu;
269282;30R/54C;_;_;100/70;0,63;0,51;30R/54C 272093;
278777;88CRXK/133CEK;1,188;1,432;5;_;_;_ (HD-Prüfung 50/30 nicht möglich);
0-440238;82CI/48CDD;0.138;0.212;5;_;_;_;_
0-493016;30ROK/54CK;_;_;100/70;0.63;0.51;_;_
0-493017;19C/38C;0.053;0.109;5;_;_;_;_
493017;19C/38C;_;_;100/70;1,61;0,76;_;
493016;30ROK/54CK;_;_;100/70;0,63;0,51;_;
440238;82CI/48CDD;_;_;50/30;0,86;0,56;440238 + 82C/70ED 424570;
272294;154R2/227CE;3,27;2,47;5;_;_;154R2/227CE 272036;
494031;73CGY/148SRE;1,073;0,787;5;_;_;_;
489266;23,5/1-46C;0,067;0,138;5;_;_;23,5/1-46C 489267;
478269;DIA38/1-75/1;0,64;0,24;100/70;_;_;neu;
820901;60R2/94CD;0,645;0,628;5;_;_;62R2/94CD 811728;
V4677;DIA226/2-B154;3,18;2,47;5;_;_;DIA226/2-B154 V4317;
593924;77CTO/113CD;0,58;0,648;5;_;_;77CTO/113CD 590927;
279287;134R/207CEK;2,37;2,23;5;_;_;134R/207CEK 275130;
433858;82C/70ED;0,625;0,493;5;_;_;82C/70ED 424570;
489269;16A/15A;_;_;100/70;4,07 (15A);2,82 (16A);15A/13A: 489268;
272949;30R/54C;_;_;50/30;0,9;0,7;30R/54C 272093;
99662;30R/54C;0,135;0,158;5;_;_;30R1/54C1 421269;
495323;105RX/165CE;1,785;1,365;5;_;_;105RX/165CE 459829 + 105R1/165CE 093413;
495391;164R/264CF;2;1,85;5;_;_;_ (SONDERWERTE!);
90068;79R2/128CE;0,975;1,064;5;_;_;_;
495630;42ROK/77CDK;0,341;0,414;5;_;_;42ROK/77CDK 478147;
493058;37R1/68C;_;_;50/30;0,7;0,6;37R/68C 420916;
495978;69CDE/48CDE;_;_;50/30;0,535;0,36;_;
495965;48CU/29CU;_;_;50/30;1,494;0,557;DIA44/1–DIA44/1: 419220;
496038;35CU/19CU;_;_;100/70;1,691;0,506;_;
496196;30RK/54CK;_;_;100/70;0,63;0,51;neu;
517103;88R1/140CE;1,2;1,16;5;_;_;_;
123120;138CI/88R1;1,18;0,36;5;_;_;neu;
123121;138CI/88R1;1,18;0,36;5;_;_;neu;
496972;DIA29/1–49/1;0,128;0,143;5;_;_;DIA29/1-49/1 465133;
363108;52R/78CD;0,449;0,439;5;_;_;52R2/78CD 092898;
496893;50CI/42C;_;_;100/70;0,444;0,69;50CIK/41CU 462809;
496824;42ROK/77CDK;0,341;0,414;5;_;_;42R2/77CD 421166;
496825;24RK/46CK;_;_;100/70;1,04;0,75;24RK/46CK 476819;
496826;17C/34C;_;_;100/70;1,81;0,86;17C/34C 422278;
497307;119CI/69EO;0,52;0,323;5;_;_;_;
599888;70CEDK/120CDK;0,634;0,663;5;_;_;70ED/120CD 587980;
135453;DIA81/1-57/1;0,163;0,414;5;_;_;_;
497263;30R/54C;0,138;0,166;5;_;_;30R1/54C 088921;
497262;52R/78CD;0,449;0,439;5;_;_;52R2/78CD 092898;
497526;98CROK/145CE;1,328;1,573;5;_;_;98CROK/145CE 446666+487092;
497537;42ROK/77CD;0,341;0,414;5;_;_;42R2/77CD 421166;
497551;24RK/46C;_;_;100/70;1,04;0,75;24RK/46CK 476819;
497577;17C/34C;_;_;100/70;1,81;0,86;17C/34C 422278;
497480;87CHY/133CE;1,56;1,43;5;_;_;_;
451402;174RX/274F;4,3;3,8;5;_;_;174RX/274F 544040;
497966;204CR/308CF;3,17;2,15;5;_;_;_ (=1/2-Leckrate);
498489;42R2/68C;_;_;100/70;0,24;0,41;_;
496390;136CD-DIA88/2;0,78;0,75;5;_;_;136CD/79R1: 083729 + 101CHY/154CE: 416908;
411607;88R4/133CE;1,295;1,135;5;_;_;88R4/133CE 272295;
498878;101CJY/154CE;2,152;1,674;5;_;_;101HY/179SRE 487128;
150755;82/1-82/1;_;_;100/70;2,05;2,05;150755+147070+149313;
498957;147CJ/217CE;3,638;2,182;5;_;_;_;
479043;82/1-82/1;_;_;100/70;2,05;2,05;479043+149313;
474445;136CD-DIA88/2;0,75;0,78;5;_;_;136CD/79R1: 083729 + 101CHY/154CE: 416908;
WA0680;70ED/120CD;0,626;0,666;5;_;_;PF 594047 - HD (50/30) Prüfung nicht möglich;
485651;174CK/274CF;2,98;1,9;5;_;_;_ (=1/2-Leckrate);
496223;82CI/48CDD;_;_;50/30;0,9;0,6;440238 + 82C/70ED 424570;
WA1417;82C/70ED;0,617;0,487;5;_;_;82C/70ED 424570;
WA1357;79CRK/106CD;_;_;100/70;0,41;0,67;neu;
WA1562;DIA130/2-A94S;1,26;1,08;5;_;_;DIA130/2-A94S V4356;
WA1354;45CEK/77CD;_;_;100/70;0,3;0,2;_ (5dm³);
WA1296;164CK/264CF;4,193;3,705;5;_;_;164R/264CF 495391;
128850;216CE/134R;2,377;2,249;5;_;_;134R1/207CE 050646;
WA2143;37R1/78CD;_;_;50/30;0,62;0,26;_;
WA2002;DIA17,5/1-34/1;_;_;100/70;1,65;0,83;17C/34C 424226;
WA2114;24R/54C;_;_;100/70;1,25;0,65;neu;
WA2063;134R2/227CE;2,377;2,48;5;_;_;DIA136/5-232/3 465119;
WA2145;60R2/106CD;0,646;0,548;5;_;_;52R2/96CD 442344;
WA2144;37R1/78CD;_;_;50/30;0,66;0,26;37R1/78CD WA2143;
276230;52R/78CD;0,447;0,451;5;_;_;neu;
WA2146;30R1/54C;_;_;100/70;0,6;0,47;_;
WA2108;79RX/133CE;0,975;1,424;5;_;_;neu;
WA2216;79RX/133CE;0,975;1,424;5;_;_;DIA80/4–DIA132/1 442172;
276229;88R4/133CE;1,3;1,43;5;_;_;_;
463024;DIA130/2-70/3;0,832;1,372;5;_;_;neu;
276130;70R/96CD;0,836;0,546;5;_;_;_;
WA2819;80FY/128E;1,097;1,073;5;_;_;80CGY/128CE 422732 + 80FY/128E 570049;
545667;52R2/86CD;0,45;0,47;5;_;_;52R2/86CD 529095;
439096;37RLX/65D;0,185;0,19;5;_;_;_;
270287;37R/62C;_;_;50/30;0,69;0,64;_;
WA2990;16A/15A;_;_;100/70;4,07 (15A);2,82 (16A);neu;
274900;41CDD/68C;0,132;0,211;5;_;_;_;
WA0797;115CKY/190CE;2,63;2,03;5;_;_;DIA114/4-192/2 456121 + DIA162/98R1 118488;
WA0798;73CGY/120CD;1,073;0,667;5;_;_;_;
WA0799;37R/62C;0,181;0,337;5;_;_;_;
WA4421;42ROK/77CDK;0,341;0,414;5;_;_;42R2/77CD 421166;
WA4417;98CROK/145CEK;1,328;1,573;5;_;_;98CROK/145CE 446666;
